This is the default dataset with national-level data which can be updated by the owner of the tool.,,,,,,,,,,,,,,,,,,,,,,,,,,,,,,,,,,,,,,,,,,,,,,,,,
E1 GENERAL DATA,,,,,,,,,,,,,,,,,,,,,,,,,,,,,,,,,,,,,,,,,,,,,,,,,
E1.1 POPULATION 2021,,EU-27 (2020-),EU-28 (2013-20),Austria,Belgium,Bulgaria,Croatia,Cyprus,Czechia,Denmark,Estonia,Finland,France,Germany,Greece,Hungary,Iceland,Ireland,Italy,Latvia,Liechtenstein,Lithuania,Luxembourg,Malta,Netherlands,Norway,Poland,Portugal,Romania,Slovakia,Slovenia,Spain,Sweden,Switzerland,UK,,,,,,,,,,,,,,
,,"447,007,596",,"8,932,664","11,566,041","6,916,548","4,036,355","896,005","10,701,777","5,840,045","1,330,068","5,533,793","67,439,599","83,155,031","10,682,547","9,730,772","368,792","5,006,907","59,257,566","1,893,223",,"2,795,680","634,730","516,100","17,475,415","5,391,369","37,840,001","10,298,252","19,186,201","5,459,781","2,108,977","47,394,223","10,379,295","8,667,088","68,336,076",,,,,,,,,,,,,,
,,,year of data origin:,2021,,,,,,,,,,,,,,,,,,,,,,,,,,,,,,,,,,,,,,,,,,,,,
,,,source:,"Eurostat, Population on 1 January by age and sex",,,,,,,,,,,,,,,,,,,,,,,,,,,,,,,,,,,,,,,,,,,,,
E1.2 POPULATION CHANGE PROGNOSIS,,EU-27 (2020-),EU-28 (2013-20),Austria,Belgium,Bulgaria,Croatia,Cyprus,Czechia,Denmark,Estonia,Finland,France,Germany,Greece,Hungary,Iceland,Ireland,Italy,Latvia,Liechtenstein,Lithuania,Luxembourg,Malta,Netherlands,Norway,Poland,Portugal,Romania,Slovakia,Slovenia,Spain,Sweden,Switzerland,UK,,,,,,,,,,,,,,
2010-20,,,0.2,0.5,0.9,-0.7,-0.3,0.9,0.2,0.4,-0.4,0.5,0.5,-0.1,-0.5,-0.2,0.2,0.8,0.5,-1.0,0.2,-1.0,2.5,0.6,0.3,0.2,0.1,-0.4,-0.3,0.0,0.2,-0.2,0.9,0.2,0.7,,,,,,,,,,,,,,
2020-30,,,0.1,0.5,0.9,-0.7,-0.3,0.3,0.1,0.5,-0.6,0.5,0.4,-0.1,-0.6,-0.1,0.1,0.0,0.3,-1.4,0.1,-1.8,2.2,0.4,0.2,0.1,-0.2,-0.4,-0.4,-0.2,0.0,-0.3,0.8,0.1,0.5,,,,,,,,,,,,,,
2030-40,,,0.1,0.2,0.7,-0.6,-0.3,0.6,0.1,0.3,-0.3,0.2,0.3,-0.3,-0.5,-0.2,0.1,0.4,0.2,-0.6,0.1,-0.7,1.4,0.1,-0.1,0.1,-0.4,-0.4,-0.3,-0.4,0.0,0.1,0.6,0.1,0.5,,,,,,,,,,,,,,
2040-50,,,0.1,0.2,0.7,-0.6,-0.3,0.6,0.1,0.3,-0.3,0.2,0.3,-0.3,-0.5,-0.2,0.1,0.4,0.2,-0.6,0.1,-0.7,1.4,0.1,-0.1,0.1,-0.4,-0.5,-0.3,-0.4,0.0,0.1,0.6,0.1,0.5,,,,,,,,,,,,,,
,,,year of data origin:,2015,,,,,,,,,,,,,EU-28,,,,EU-28,,,,,EU-28,,,,,,,,EU-28,,,,,,,,,,,,,,,
,,,source:,"EU Reference Scenario 2016. Energy, transport and GHG emissions. Trends to 2050. European Commission.",,,,,,,,,,,,,,,,,,,,,,,,,,,,,,,,,,,,,,,,,,,,,
,,,,,,,,,,,,,,,,,,,,,,,,,,,,,,,,,,,,,,,,,,,,,,,,,
E1.3 GRID ELECTRICITY EMISSION FACTOR (gCO2e/kWh),,,,Austria,Belgium,Bulgaria,Croatia,Cyprus,Czechia,Denmark,Estonia,Finland,France,Germany,Greece,Hungary,Iceland,Ireland,Italy,Latvia,Liechtenstein,Lithuania,Luxembourg,Malta,Netherlands,Norway,Poland,Portugal,Romania,Slovakia,Slovenia,Spain,Sweden,Switzerland,UK,,,,,,,,,,,,,,
2021 including imported energy and transmission losses,,,,263,204,561,375,684,582,118,711,100,88,390,542,286,0,364,309,1357,0,135,205,443,408,0,795,273,364,348,227,223,29,0,260,,,,,,,,,,,,,,
,,,year of data origin:,2013,,,,,,,,,,,,,,,,,,,,,,,,,,,,,,,,,,,,,,,,,,,,,
,,,source:,EEA,,,,,,,,,,,,,,,,,,,,,,,,,,,,,,,,,,,,,,,,,,,,,
,,,,,,,,,,,,,,,,,,,,,,,,,,,,,,,,,,,,,,,,,,,,,,,,,
E1.4 DECARBONISATION OF ELECTRICITY GRID,,EU-27 (2020-),EU-28 (2013-20),Austria,Belgium,Bulgaria,Croatia,Cyprus,Czechia,Denmark,Estonia,Finland,France,Germany,Greece,Hungary,Iceland,Ireland,Italy,Latvia,Liechtenstein,Lithuania,Luxembourg,Malta,Netherlands,Norway,Poland,Portugal,Romania,Slovakia,Slovenia,Spain,Sweden,Switzerland,UK,,,,,,,,,,,,,,
2010-20,,,-2.3,-1.7,-6.1,-2.7,-0.5,-7.8,-1.4,-8.3,-0.7,-5.5,-8.1,-0.1,-2.7,-2.9,-2.3,-3.5,-1.7,-6.5,-2.3,-5.6,-3.3,-9.5,-3.1,-2.3,-1.2,-5.1,-2.5,-5.0,-1.2,1.6,-4.2,-2.3,-8.0,,,,,,,,,,,,,,
2020-30,,,-3.5,-0.9,6.7,-2.7,-4.0,-3.2,-0.5,-2.3,-1.3,-1.0,-8.0,-1.2,-6.0,-9.4,-3.5,-1.5,-2.7,1.6,-3.5,-5.4,0.9,-1.2,-1.1,-3.5,-1.6,-9.5,-7.6,-4.8,-0.9,-7.6,-0.5,-3.5,-5.8,,,,,,,,,,,,,,
2030-40,,,-4.5,-2.5,-0.5,-7.7,-3.1,-1.3,-7.9,-4.8,-6.1,-5.5,1.7,-4.7,-7.5,-0.9,-4.5,-3.8,-3.9,-2.1,-4.5,-1.4,0.0,-0.5,-2.2,-4.5,-7.6,-5.8,-6.5,-2.8,-8.9,-4.5,-2.1,-4.5,-1.5,,,,,,,,,,,,,,
2040-50,,,-4.5,-2.5,-0.5,-7.7,-3.1,-1.3,-7.9,-4.8,-6.1,-5.5,1.7,-4.7,-7.5,-0.9,-4.5,-3.8,-3.9,-2.1,-4.5,-1.4,0.0,-0.5,-2.2,-4.5,-7.6,-5.8,-6.5,-2.8,-8.9,-4.5,-2.1,-4.5,-1.5,,,,,,,,,,,,,,
,,,EU-28,,,,,,,,,,,,,,EU-28,,,,EU-28,,,,,EU-28,,,,,,,,EU-28,,,,,,,,,,,,,,,
,,,year of data origin:,2015,,,,,,,,,,,,,,,,,,,,,,,,,,,,,,,,,,,,,,,,,,,,,
,,,source:,"EU Reference Scenario 2016. Energy, transport and GHG emissions. Trends to 2050. European Commission.",,,,,,,,,,,,,,,,,,,,,,,,,,,,,,,,,,,,,,,,,,,,,
,,,,,,,,,,,,,,,,,,,,,,,,,,,,,,,,,,,,,,,,,,,,,,,,,
,,,,,,,,,,,,,,,,,,,,,,,,,,,,,,,,,,,,,,,,,,,,,,,,,
E2 VOLUMES OF PASSENGER TRANSPORT PER COUNTRY,,,,,,,,,,,,,,,,,,,,,,,,,,,,,,,,,,,,,,,,,,,,,,,,,
VOLUME OF PASSENGER TRANSPORT,,,,,,,,,,,,,,,,,,,,,,,,,,,,,,,,,,,,,,,,,,,,,,,,,
E2.1 PASSENGER TRANSPORT (billion passenger-km) 2018,,EU-27 (2020-),EU-28 (2013-20),Austria,Belgium,Bulgaria,Croatia,Cyprus,Czechia,Denmark,Estonia,Finland,France,Germany,Greece,Hungary,Iceland,Ireland,Italy,Latvia,Liechtenstein,Lithuania,Luxembourg,Malta,Netherlands,Norway,Poland,Portugal,Romania,Slovakia,Slovenia,Spain,Sweden,Switzerland,UK,,,,,,,,,,,,,,
"Motor coaches, buses and trolley buses",,486.2,522.9,10.3,13.5,9.9,3.8,1.6,18.1,7.1,2.8,8.0,57.6,62.5,20.5,18.9,0.9,10.5,103.0,2.2,,2.8,1.2,0.6,5.3,4.4,34.5,7.9,19.9,6.2,3.8,32.2,10.0,6.3,36.8,,,,,,,,,,,,,,
Passenger cars,,4413.4,5 086.1,78.5,107.3,57.2,25.6,6.8,78.0,60.7,13.3,66.8,757.1,920.2,103.4,63.9,5.8,57.2,722.9,15.3,,30.1,7.8,2.7,144.7,66.8,212.4,95.5,103.8,28.5,27.5,340.6,116.0,96.9,672.7,,,,,,,,,,,,,,
Tram and metro,,91.6, 105.7,7.2,1.4,1.1,0.6,-,10.7,0.4,0.1,0.7,10.8,17.6,1.7,2.7,-,0.3,6.9,0.1,,-,0.2,-,1.0,1.0,4.4,1.2,8.7,0.3,-,8.7,2.7,1.2,14.1,,,,,,,,,,,,,,
Trains,,431.5, 501.2,13.205,10.71,1.476,0.747,-,10.22,6.195,0.417,4.535,97.1,98.1,1.104,7.77,,2.281,55.493,0.624,,0.354,0.443,-,18.895,3.759,21.043,4.57,5.577,3.792,0.568,28.42,13.547,20.59,69.706,,,,,,,,,,,,,,
Total,,5422.7,6215.9,109.2,132.9,69.7,30.8,8.4,117.0,74.4,16.7,80.0,922.5,1098.4,126.7,93.3,6.7,70.3,888.2,18.2,,33.3,9.6,3.2,169.9,76.0,272.4,109.1,138.0,38.8,31.8,409.9,142.3,124.9,793.2,,,,,,,,,,,,,,
,,,data source if missing from the original dataset:,,,,,,,,,,,,,,,,,,,,,,,,,,,,,,,,,,,,,,,,,,,,,,
,,,year of data origin:,2020,,,,,,,,,,,,,,,,,,,,,,,,,,,,,,,,,,,,,,,,,,,,,
,,,source:,"Transport in Figures 2020. Part 2: Transport. Chapter 2.3: Performance of Passenger Transport expressed in passenger-kilometers. European Commission, Directorate-General for Mobility and Transport in co-operation with Eurostat. ",,,,,,,,,,,,,,,,,,,,,,,,,,,,,,,,,,,,,,,,,,,,,
,,,,0.1,,,,,,,,,,,,,,,,,,,,,,,,,,,,,,,,,,,,,,,,,,,,,
"E2.2 AVERAGE PASSENGER MOBILITY (passenger-km/resident, a)",,,EU,Austria,Belgium,Bulgaria,Croatia,Cyprus,Czechia,Denmark,Estonia,Finland,France,Germany,Greece,Hungary,Iceland,Ireland,Italy,Latvia,Liechtenstein,Lithuania,Luxembourg,Malta,Netherlands,Norway,Poland,Portugal,Romania,Slovakia,Slovenia,Spain,Sweden,Switzerland,UK,,,,,,,,,,,,,,
,,,11912,11958,12108,10187,12517,9573,11022,12927,12397,14756,12984,13510,11939,9590,11912,14466,15077,12253,11912,11900,15405,9573,10075,15142,7013,10884,7224,7307,15077,9333,14271,14217,12010,,,,,,,,,,,,,,
,,,,,2014,,,,,,,,,,,,EU,,,,EU,,,Cyprus,,,,,,,,,,,,,,,,,,,,,,,,,
,,,year of data origin:,2018,,,,,,,,,,,,,,,,,,,,,,,,,,,,,,,,,,,,,,,,,,,,,
,,,source:,ODYSSEE-MURE,,https://www.odyssee-mure.eu/publications/efficiency-by-sector/transport/passenger-mobility-per-capita.html,,,,,,,,,,,,,,,,,,,,,,,,,,,,,,,,,,,,,,,,,,,
,,,,,,,,,,,,,,,,,,,,,,,,,,,,,,,,,,,,,,,,,,,,,,,,,
,,,"passenger-km/resident, a",12225,11495,10077,7621,9358,10937,12738,12542,14455,13680,13209,11864,9587,18213,14033,14989,9594,#DIV/0!,11916,15186,6278,9722,14088,7198,10597,7194,7101,15094,8649,13707,14413,11608,,,,,,,,,,,,,,
,,,,,,,,,,,,,,,,,,,,,,,,,,,,,,,,,,,,,,,,,,,,,,,,,
,,,,,,,,,,,,,,,,,,,,,,,,,,,,,,,,,,,,,,,,,,,,,,,,,
E2.3 MODAL SHARES IN MOBILITY (%),,,,Austria,Belgium,Bulgaria,Croatia,Cyprus,Czechia,Denmark,Estonia,Finland,France,Germany,Greece,Hungary,Iceland,Ireland,Italy,Latvia,Liechtenstein,Lithuania,Luxembourg,Malta,Netherlands,Norway,Poland,Portugal,Romania,Slovakia,Slovenia,Spain,Sweden,Switzerland,UK,,,,,,,,,,,,,,
train ,,,,12.0,7.5,2.0,2.2,0.0,9.2,7.2,2.0,5.9,9.4,8.5,0.9,7.7,0.0,3.0,5.7,3.1,8.5,0.9,4.3,0.0,8.9,4.7,6.8,4.3,3.9,9.2,1.6,6.7,10.1,18.0,7.7,,,,,,,,,,,,,,
bus,,,,9.4,9.2,12.1,12.5,17.3,15.2,8.1,16.1,9.5,5.8,5.2,15.0,18.7,10.1,13.4,10.4,12.6,5.2,7.7,11.3,15.4,2.4,5.8,11.2,6.7,15.7,14.4,10.6,7.7,6.9,5.5,3.6,,,,,,,,,,,,,,
car,,,,71.4,72.8,78.7,78.6,76.4,68.6,73.0,73.5,80.5,75.3,76.7,77.8,66.4,79.9,73.6,74.0,76.0,76.7,83.1,74.3,74.6,67.5,85.4,75.5,82.6,73.2,66.6,78.0,79.4,78.9,66.5,78.8,,,,,,,,,,,,,,
walking and biking,,,,7.3,10.4,7.2,6.6,6.3,7,11.6,8.3,4.1,9.5,9.5,6.3,7.2,10,10,10,8.3,9.5,8.3,10,10,21.1,4.1,6.5,6.3,7.2,9.8,9.8,6.3,4.1,10,10,,,,,,,,,,,,,,
,,,data source (for walking and biking) if missing from the original dataset:,,,Romania,,Greece,Austria,,Latvia,HLT2016,Germany,,,Romania,,,,,Germany,Latvia,,,,Finland,,,,Slovenia,,Portugal,Finland,,,,,,,,,,,,,,,,
Total,,,,100,100,100,100,100,100,100,100,100,100,100,100,100,100,100,100,100,100,100,100,100,100,100,100,100,100,100,100,100,100,100,100,,,,,,,,,,,,,,
,,,,,,,,,,,,,,,,,,,,,,,,,,,,,,,,,,,,,,,,,,,,,,,,,
,,,year of data origin:,2020,,,,,,,,,,,,,,,,,,,,,,,,,,,,,,,,,,,,,,,,,,,,,
the shares of walking and biking,,,source:,"EUROSTAT  Data from nine Member States (seven pilot surveys and two national surveys on passenger 
mobility",,,,,,,,,,,,,,,,,,,,,,,,,,,,,,,,,,,,,,,,,,,,,
,,,year of data origin:,2021,,,,,,,,,,,,,,,,,,,,,,,,,,,,,,,,,,,,,,,,,,,,,
"the shares of bus, car and train converted from",,,source:,EUROSTAT Modal split of passenger transport [T2020_RK310],,,,,,,,,,,,,,,,,,,,,,,,,,,,,,,,,,,,,,,,,,,,,
,,,,,,,,,,,,,,,,,,,,,,,,,,,,,,,,,,,,,,,,,,,,,,,,,
,,,,,,,,,,,,,,,,,,,,,,,,,,,,,,,,,,,,,,,,,,,,,,,,,
E2.4 CORRECTION FACTORS,,,,CITY,TOWN,SUBURBAN,RURAL,,,,,,,,,,,,,,,,,,,,,,,,,,,,,,,,,,,,,,,,,,
,,,bus,3.0,1.5,0.9,0.8,,,,,,,,,,,,,,,,,,,,,,,,,,,,,,,,,,,,,,,,,,
,,,passenger car,0.5,0.8,1.3,1.5,,,,,,,,,,,,,,,,,,,,,,,,,,,,,,,,,,,,,,,,,,
,,,passenger train,2.5,1.2,0.7,0.5,,,,,,,,,,,,,,,,,,,,,,,,,,,,,,,,,,,,,,,,,,
,,,,,,,,,,,,,,,,,,,,,,,,,,,,,,,,,,,,,,,,,,,,,,,,,
,,,year of data origin:,,,,,,,,,,,,,,,,,,,,,,,,,,,,,,,,,,,,,,,,,,,,,,
,,,source:,,,,,,,,,,,,,,,,,,,,,,,,,,,,,,,,,,,,,,,,,,,,,,
,,,,,,,,,,,,,,,,,,,,,,,,,,,,,,,,,,,,,,,,,,,,,,,,,
,,,,,,,,,,,,,,,,,,,,,,,,,,,,,,,,,,,,,,,,,,,,,,,,,
,,,,,,,,,,,,,,,,,,,,,,,,,,,,,,,,,,,,,,,,,,,,,,,,,
,,,,,,,,,,,,,,,,,,,,,,,,,,,,,,,,,,,,,,,,,,,,,,,,,
,,,,,,,,,,,,,,,,,,,,,,,,,,,,,,,,,,,,,,,,,,,,,,,,,
"E3 PASSENGER TRANSPORT - MOTOR COACHES, BUSES, TROLLEY BUSES",,,,,,,,,,,,,,,,,,,,,,,,,,,,,,,,,,,,,,,,,,,,,,,,,
,,,,,,,,,,,,,,,,,,,,,,,,,,,,,,,,,,,,,,,,,,,,,,,,,
E3.1 BUS PASSENGER-KM PER CAPITA,,EU-27 (2020-),EU-28 (2013-20),Austria,Belgium,Bulgaria,Croatia,Cyprus,Czechia,Denmark,Estonia,Finland,France,Germany,Greece,Hungary,Iceland,Ireland,Italy,Latvia,Liechtenstein,Lithuania,Luxembourg,Malta,Netherlands,Norway,Poland,Portugal,Romania,Slovakia,Slovenia,Spain,Sweden,Switzerland,UK,,,,,,,,,,,,,,
2021,,,,1176,1177,1452,980,1803,1753,1247,2172,1459,895,766,1951,1986,2536,2124,1762,1162,,1032,1936,1115,308,828,941,787,1066,1216,1793,689,990,738,542,,,,,,,,,,,,,,
,,,data source if missing from the original dataset:,,,,,,,,,,,,,,,,,,,,,,,,,,,,,,,,,,,,,,,,,,,,,,
,,,year of data origin:,2018,,,,,,,,,,,,,,,,,,,,,,,,,,,,,,,,,,,,,,,,,,,,,
,,,source:,"Transport in Figures 2020. Part 2: Transport. Chapter 2.3: Performance of Passenger Transport expressed in passenger-kilometers. European Commission, Directorate-General for Mobility and Transport in co-operation with Eurostat. ",,,,,,,,,,,,,,,,,,,,,,,,,,,,,,,,,,,,,,,,,,,,,
,,,projection from 2018 to 2021 according to:,,,,,,,,,,,,,,,,,,,,,,,,,,,,,,,,,,,,,,,,,,,,,,
,,,year of data origin:,2015,,,,,,,,,,,,,,,,,,,,,,,,,,,,,,,,,,,,,,,,,,,,,
,,,source:,"EU Reference Scenario 2016. Energy, transport and GHG emissions. Trends to 2050. European Commission, pp. 143-201.",,,,,,,,,,,,,,,,,,,,,,,,,,,,,,,,,,,,,,,,,,,,,
,,,,,,,,,,,,,,,,,,,,,,,,,,,,,,,,,,,,,,,,,,,,,,,,,
"E3.2 BUS TRANSPORT, FUTURE PROJECTION ON TRANSPORT VOLUME",,,,,annual change (%),,,,,,,,,,,,,,,,,,,,,,,,,,,,,,,,,,,,,,,,,,,,
"public road transport, annual change (%)",,,EU-28,Austria,Belgium,Bulgaria,Croatia,Cyprus,Czechia,Denmark,Estonia,Finland,France,Germany,Greece,Hungary,Iceland,Ireland,Italy,Latvia,Liechtenstein,Lithuania,Luxembourg,Malta,Netherlands,Norway,Poland,Portugal,Romania,Slovakia,Slovenia,Spain,Sweden,Switzerland,UK,,,,,,,,,,,,,,
2010-20,,,0.8,0.8,0.3,0.6,1.1,0.9,1.0,0.9,1.5,0.3,2.0,0.8,0.6,0.8,0.8,0.3,0.5,0.7,0.8,0.7,1.7,0.5,0.9,0.8,1.1,0.5,0.9,2.0,0.2,0.5,0.9,0.8,0.2,,,,,,,,,,,,,,
2020-30,,,0.6,0.8,0.1,0.4,0.7,0.1,1.5,0.6,0.6,0.3,0.8,0.3,0.2,0.8,0.6,0.7,0.4,0.6,0.6,0.2,1.5,0.3,0.7,0.6,0.8,1.2,0.8,2.3,0.4,0.5,1.1,0.6,0.3,,,,,,,,,,,,,,
2030-40,,,0.5,0.7,0.2,0.4,0.7,0.8,1.0,0.2,0.3,0.3,0.7,0.3,0.2,0.7,0.5,0.7,0.5,0.4,0.5,0.3,1.2,0.1,0.6,0.5,0.3,0.9,0.7,0.7,0.2,0.8,1.0,0.5,0.1,,,,,,,,,,,,,,
2040-50,,,0.5,0.7,0.2,0.4,0.7,0.8,1.0,0.2,0.3,0.3,0.7,0.3,0.2,0.7,0.5,0.7,0.5,0.4,0.5,0.3,1.2,0.1,0.6,0.5,0.3,0.9,0.7,0.7,0.2,0.8,1.0,0.5,0.1,,,,,,,,,,,,,,
,,,data source if missing from the original dataset:,,,,,,,,,,,,,,EU-28,,,,EU-28,,,,,EU-28,,,,,,,,EU-28,,,,,,,,,,,,,,,
,,,year of data origin:,2015,,,,,,,,,,,,,,,,,,,,,,,,,,,,,,,,,,,,,,,,,,,,,
,,,source:,"EU Reference Scenario 2016. Energy, transport and GHG emissions. Trends to 2050. European Commission, pp. 143-201.",,,,,,,,,,,,,,,,,,,,,,,,,,,,,,,,,,,,,,,,,,,,,
,,,,,,,,,,,,,,,,,,,,,,,,,,,,,,,,,,,,,,,,,,,,,,,,,
E3.3 BUS OCCUPANCY,,,EU-28,Austria,Belgium,Bulgaria,Croatia,Cyprus,Czechia,Denmark,Estonia,Finland,France,Germany,Greece,Hungary,Iceland,Ireland,Italy,Latvia,Liechtenstein,Lithuania,Luxembourg,Malta,Netherlands,Norway,Poland,Portugal,Romania,Slovakia,Slovenia,Spain,Sweden,Switzerland,UK,,,,,,,,,,,,,,
Average occupancy,,,12.0,12.0,12.0,12.0,12.0,12.0,12.0,12.0,12.0,12.0,12.0,12.0,12.0,12.0,12.0,12.0,12.0,12.0,12.0,12.0,12.0,12.0,12.0,12.0,12.0,12.0,12.0,12.0,12.0,12.0,12.0,12.0,12.0,,,,,,,,,,,,,,
,,,year of data origin:,2020,,,,,,,,,,,,,,,,,,,,,,,,,,,,,,,,,,,,,,,,,,,,,
,,,source:,"Methodology for GHG Efficiency of Transport Modes. Final Report. Fraunhofer-Institute for Systems and Innovation Research ISI, p. 22. ",,,,,,,,,,,,,,,,,,,,,,,,,,,,,,,,,,,,,,,,,,,,,
,,,,,,,,,,,,,,,,,,,,,,,,,,,,,,,,,,,,,,,,,,,,,,,,,
EMISSION FACTOR PER ENGINE TYPE  (gCO2/km),,,,project to 2021,,,,,,,,,,,,,,,,,,,,,,,,,,,,,,,,,,,,,,,,,,,,,
"E3.4 BUS TRANSPORT, FUEL MIX 2019",,,,share (%),,,,,,,,,,,,,,,,,,,,,,,,,,,,,,,,,,,,,,,,,,,,,
fuel type description,AVERAGE,RURAL,URBAN,Austria,Belgium,Bulgaria,Croatia,Cyprus,Czechia,Denmark,Estonia,Finland,France,Germany,Greece,Hungary,Iceland,Ireland,Italy,Latvia,Liechtenstein,Lithuania,Luxembourg,Malta,Netherlands,Norway,Poland,Portugal,Romania,Slovakia,Slovenia,Spain,Sweden,Switzerland,UK,,,,,,,,,,,,,,
Scope 1,gCO2e/vkm,gCO2e/vkm,gCO2e/vkm,,,,,,,,,,,,,,,,,,,,,,,,,,,,,,,,,,,,,,,,,,,,,,
Petroleum products,368,262,433,0.7,0.7,0.2,0.2,0.2,7.8,2.8,4.2,0.2,0.0,0.1,,0.4,1.3,0.1,0.5,0.5,0.1,0.4,0.1,0.6,1.3,1.3,4.0,0.1,0.2,0.4,0.1,0.8,0.3,1.0,2.5,,,,,,,,,,,,,,
Liquefied Petroleum Gas (LPG),400,285,471,,,0.1,0.0,0.0,,0.0,0.0,0.0,0.0,0.0,,0.0,0.0,,0.3,0.0,0,1.0,,0.0,0.0,0.0,0.8,0.0,0.1,,0.0,0.2,0.0,0.0,,,,,,,,,,,,,,,
Diesel,368,262,433,99.2,99.2,99.6,99.6,99.8,84.7,97.1,92.4,99.3,100.0,98.5,96.1,98.3,93.6,99.9,94.5,99.4,98.5,95.9,99.9,99.4,92.1,93.6,94.5,97.3,99.6,94.5,95.9,94.7,79.6,99.0,97.5,,,,,,,,,,,,,,
Natural Gas (CNG),552,393,649,0.1,0.1,0.1,0.2,0.0,7.5,,3.4,0.5,,1.3,3.9,1.3,5.2,,4.7,0.2,1.3,2.6,,0.0,6.6,5.2,0.8,2.6,0.1,2.5,4.0,4.3,20.1,0.0,,,,,,,,,,,,,,,
Scope 2,kWh/km,kWh/km,kWh/km,,,,,,,,,,,,,,,,,,,,,,,,,,,,,,,,,,,,,,,,,,,,,,
Electricity,0.928,0.967,0.822,0.0,0.0,0.0,0.0,0.0,0.0,0.0,0.0,0.0,0.0,0.0,,0.0,0.0,0.0,0.0,0.0,0,0.0,0.0,0.0,0.0,0.0,0.0,0.0,0.0,0.5,0.0,0.0,0.0,0.0,0.0,,,,,,,,,,,,,,
average kgCO2e/km,,,,368.5,368.5,368.5,368.7,368.3,382.0,367.9,374.5,369.2,368.3,370.3,375.4,370.7,378.2,368.3,377.0,369.0,370.3,373.0,368.3,368.3,380.4,378.2,370.4,373.1,368.5,363.3,375.6,376.2,405.1,368.3,368.3,,,,,,,,,,,,,,
,,,data source if missing from the original dataset:,,,=Romania,,,,,,,,,,,=Norway,,,,=Germany,,,,,,,,,,,,,,,,,,,,,,,,,,,,
emission factors,,,year of data origin:,2021,,,,,,,,,,,,,,,,,,,,,,,,,,,,,,,,,,,,,,,,,,,,,
,,,source:,LIPASTO. Keskikulutus_avg_consumption_timeseries_2021_2050_ALIISA,,,,,,,,,,,,,,,,,,,,,,,,,,,,,,,,,,,,,,,,,,,,,
shares of engine types,,,year of data origin:,2021,,,,,,,,,,,,,,,,,,,,,,,,,,,,,,,,,,,,,,,,,,,,,
,,,source:,"national data: Eurostat, Motor coaches, buses and trolley buses, by type of motor energy 2019; UK and Austria 2018",,,,,,,,,,,,,,,,,,,,,,,,,,,,,,,,,,,,,,,,,,,,,
"shares of engine types, Slovakia and Greece",,,year of data origin:,2021,,,,,,,,,,,,,,,,,,,,,,,,,,,,,,,,,,,,,,,,,,,,,
,,,source:,"Slovakia and Greece: ACEA report: Vehicles in use Europe, January 2021. European Automobile Manufacturers Association (ACEA) 2021.",,,,,,,,,,,,,,,,,,,,,,,,,,,,,,,,,,,,,,,,,,,,,
,,,,,,,,,,,,,,,,,,,,,,,,,,,,,,,,,,,,,,,,,,,,,,,,,
E3.5 ELECTRICITY IN ROAD TRANSPORT,,,,,,,,,,,,,,,,,,,,,,,,,,,,,,,,,,,,,,,,,,,,,,,,,
prognosis on the share of electric vehicles (%),,,EU-28,Austria,Belgium,Bulgaria,Croatia,Cyprus,Czechia,Denmark,Estonia,Finland,France,Germany,Greece,Hungary,Iceland,Ireland,Italy,Latvia,Liechtenstein,Lithuania,Luxembourg,Malta,Netherlands,Norway,Poland,Portugal,Romania,Slovakia,Slovenia,Spain,Sweden,Switzerland,UK,,,,,,,,,,,,,,
2020,,,0.2,0.1,0.3,0.0,0.1,0.1,0.1,0.1,0.2,0.2,0.3,0.3,0.2,0.1,0.2,0.2,0.1,0.1,0.2,0.0,0.1,0.1,0.4,0.2,0.0,0.1,0.0,0.1,0.3,0.1,0.3,0.2,0.4,,,,,,,,,,,,,,
2025,,,0.4,0.2,0.4,0.1,0.3,0.3,0.2,0.3,0.3,0.5,0.6,0.6,0.5,0.2,0.4,0.3,0.2,0.2,0.4,0.1,0.2,0.2,0.7,0.4,0.1,0.2,0.1,0.2,0.9,0.3,0.4,0.4,0.6,,,,,,,,,,,,,,
2030,,,0.9,0.4,0.6,0.2,0.8,0.6,0.4,0.7,0.6,1.4,1.3,1.4,1.0,0.4,0.9,0.7,0.5,0.7,0.9,0.3,0.5,0.5,1.1,0.9,0.2,0.4,0.3,0.4,1.7,0.5,0.7,0.9,1.3,,,,,,,,,,,,,,
2035,,,1.2,0.6,1.0,0.3,1.0,0.9,0.6,1.0,1.0,1.7,1.7,1.9,1.4,0.6,1.2,1.0,0.8,1.2,1.2,0.5,0.4,0.8,1.5,1.2,0.4,0.8,0.5,0.6,2.1,0.8,1.3,1.2,1.7,,,,,,,,,,,,,,
2040,,,1.5,0.8,1.2,0.4,1.2,1.3,0.8,1.3,1.2,2.0,2.1,2.3,1.7,0.8,1.5,1.3,1.2,1.5,1.5,0.6,0.6,1.0,1.9,1.5,0.6,1.2,0.8,0.9,2.4,1.0,1.9,1.5,2.1,,,,,,,,,,,,,,
2045,,,1.9,1.0,1.5,0.6,1.6,1.7,1.1,1.7,1.5,2.2,2.5,.2.8,2.1,1.1,1.9,1.6,1.4,1.7,1.9,0.7,0.9,1.4,2.3,1.9,0.9,1.8,1.1,1.2,2.8,1.2,2.5,1.9,2.7,,,,,,,,,,,,,,
2050,,,2.3,1.3,1.7,0.8,1.8,2.0,1.4,2.1,1.7,2.5,3.0,3.3,2.3,1.3,2.3,1.9,1.6,1.8,2.3,0.8,1.0,1.7,2.6,2.3,1.2,2.3,1.3,1.4,3.1,1.5,2.8,2.3,3.3,,,,,,,,,,,,,,
,,,data source if missing from the original dataset:,,,,,,,,,,,,,,EU-28,,,,EU-28,,,,,EU-28,,,,,,,,EU-28,,,,,,,,,,,,,,,
,,,year of data origin:,2015,,,,,,,,,,,,,,,,,,,,,,,,,,,,,,,,,,,,,,,,,,,,,
,,,source:,"EU Reference Scenario 2016. Energy, transport and GHG emissions. Trends to 2050. European Commission, pp. 143-201.",,,,,,,,,,,,,,,,,,,,,,,,,,,,,,,,,,,,,,,,,,,,,
,,,,,,,,,,,,,,,,,,,,,,,,,,,,,,,,,,,,,,,,,,,,,,,,,
,,,,,,,,,,,,,,,,,,,,,,,,,,,,,,,,,,,,,,,,,,,,,,,,,
E4 PASSENGER TRANSPORT - PASSENGER CARS,,,,,,,,,,,,,,,,,,,,,,,,,,,,,,,,,,,,,,,,,,,,,,,,,
,,,,,,,,,,,,,,,,,,,,,,,,,,,,,,,,,,,,,,,,,,,,,,,,,
E4.1 CAR PASSENGER-KM PER CAPITA,,EU-27 (2020-),EU-28 (2013-20),Austria,Belgium,Bulgaria,Croatia,Cyprus,Czechia,Denmark,Estonia,Finland,France,Germany,Greece,Hungary,Iceland,Ireland,Italy,Latvia,Liechtenstein,Lithuania,Luxembourg,Malta,Netherlands,Norway,Poland,Portugal,Romania,Slovakia,Slovenia,Spain,Sweden,Switzerland,UK,,,,,,,,,,,,,,
2021,,,,8970,9485,8452,6488,7757,7492,10619,10221,12290,11452,11266,9835,6744,16081,11786,12445,8229,,11001,12765,5271,8447,12671,5778,9513,5596,5413,13349,7389,11424,11428,10062,,,,,,,,,,,,,,
,,,data source if missing from the original dataset:,,,,,,,,,,,,,,,,,,,,,,,,,,,,,,,,,,,,,,,,,,,,,,
,,,year of data origin:,2018,,,,,,,,,,,,,,,,,,,,,,,,,,,,,,,,,,,,,,,,,,,,,
,,,source:,"Transport in Figures 2020. Part 2: Transport. Chapter 2.3: Performance of Passenger Transport expressed in passenger-kilometers. European Commission, Directorate-General for Mobility and Transport in co-operation with Eurostat. ",,,,,,,,,,,,,,,,,,,,,,,,,,,,,,,,,,,,,,,,,,,,,
,,,projection from 2018 to 2021 according to:,,,,,,,,,,,,,,,,,,,,,,,,,,,,,,,,,,,,,,,,,,,,,,
,,,year of data origin:,2015,,,,,,,,,,,,,,,,,,,,,,,,,,,,,,,,,,,,,,,,,,,,,
,,,source:,"EU Reference Scenario 2016. Energy, transport and GHG emissions. Trends to 2050. European Commission, pp. 143-201.",,,,,,,,,,,,,,,,,,,,,,,,,,,,,,,,,,,,,,,,,,,,,
,,,,,,,,,,,,,,,,,,,,,,,,,,,,,,,,,,,,,,,,,,,,,,,,,
"E4.2 PASSENGER CARS, FUTURE PROJECTION ON TRANSPORT VOLUME",,,,,,,,,,,,,,,,,,,,,,,,,,,,,,,,,,,,,,,,,,,,,,,,,
Annual change (%),,,EU-28,Austria,Belgium,Bulgaria,Croatia,Cyprus,Czechia,Denmark,Estonia,Finland,France,Germany,Greece,Hungary,Iceland,Ireland,Italy,Latvia,Liechtenstein,Lithuania,Luxembourg,Malta,Netherlands,Norway,Poland,Portugal,Romania,Slovakia,Slovenia,Spain,Sweden,Switzerland,UK,,,,,,,,,,,,,,
2000-10,,,0.8,1.0,0.8,5.7,2.4,4.0,0,0.1,4.3,1.5,0.7,0.6,4.7,1.4,0.8,3.3,-0.2,0.8,2.4,1.5,2.0,0.8,-0.4,0.8,0.8,3.8,1.7,3.9,0.8,1.2,2.4,1.3,0.7,,,,,,,,,,,,,,
2010-20,,,0.8,0.7,0.9,1.3,1.2,0.9,1.1,1.1,1.4,0.4,1.1,0.5,0.2,1.1,0.8,0.8,0.5,0.7,0.8,2.0,0.5,0.8,0.6,0.8,0.8,2.7,0.1,1.7,0.8,2.1,1.0,0.5,0.7,,,,,,,,,,,,,,
2020-30,,,0.8,0.6,0.8,0.7,0.9,0.8,1.4,0.7,0.5,0.4,0.6,0.4,0.2,1.2,0.8,1.8,0.6,0.7,0.8,0.7,2.0,0.4,0.6,0.8,1.5,1.2,2.0,2.4,0.9,1.4,0.8,0.8,0.8,,,,,,,,,,,,,,
2030-40,,,0.5,0.6,0.6,0.4,0.7,1.1,1.1,0.3,0.5,0.2,0.4,0.2,0.2,1.1,0.5,0.8,0.4,0.4,0.5,0.1,1.6,0.3,0.4,0.5,0.9,0.6,1.3,0.8,0.6,0.9,0.5,0.5,0.6,,,,,,,,,,,,,,
2040-50,,,0.5,0.6,0.6,0.4,0.7,1.1,1.1,0.3,0.5,0.2,0.4,0.2,0.2,1.1,0.5,0.8,0.4,0.4,0.5,0.1,1.6,0.3,0.4,0.5,0.9,0.6,1.3,0.8,0.6,0.9,0.5,0.5,0.6,,,,,,,,,,,,,,
,,,data source if missing from the actual dataset:,,,,,,,,,,,,,,EU-28,,,,EU-28,,,,,EU-28,,,,,,,,EU-28,,,,,,,,,,,,,,,
,,,year of data origin:,2015,,,,,,,,,,,,,,,,,,,,,,,,,,,,,,,,,,,,,,,,,,,,,
,,,source:,"EU Reference Scenario 2016. Energy, transport and GHG emissions. Trends to 2050. European Commission.",,,,,,,,,,,,,,,,,,,,,,,,,,,,,,,,,,,,,,,,,,,,,
,,,,,,,,,,,,,,,,,,,,,,,,,,,,,,,,,,,,,,,,,,,,,,,,,
E4.3 CAR OCCUPANCY,,,EU-28,Austria,Belgium,Bulgaria,Croatia,Cyprus,Czechia,Denmark,Estonia,Finland,France,Germany,Greece,Hungary,Iceland,Ireland,Italy,Latvia,Liechtenstein,Lithuania,Luxembourg,Malta,Netherlands,Norway,Poland,Portugal,Romania,Slovakia,Slovenia,Spain,Sweden,Switzerland,UK,,,,,,,,,,,,,,
Average occupancy 2010,,,1.62,1.18,1.51,1.56,1.38,1.46,1.38,1.56,1.45,1.40,1.83,1.49,1.50,1.84,2.06,1.50,1.71,1.43,1.49,2.00,1.51,1.51,1.33,1.70,1.97,1.50,1.98,1.95,1.64,1.74,1.45,1.61,1.56,,,,,,,,,,,,,,
,,,year of data origin:,2010,,,,,,,,,,,,,,,,,=Germany,,,,,,,,,,,,,,,,,,,,,,,,,,,,
,,,source:,"Transport data collection supporting the quantitative analysis of measures relating to transport and climate change (TRACCS), Emisia, Infras, Swedish Enviromental Research Institute IVL, 2013",,,,,,,,,,,,,,,,,,,,,,,,,,,,,,,,,,,,,,,,,,,,,
,,,,,,,,,,,,,,,,,,,,,,,,,,,,,,,,,,,,,,,,,,,,,,,,,
E4.4 AVERAGE AGE OF PASSENGER CARS (a),,,EU,Austria,Belgium,Bulgaria,Croatia,Cyprus,Czechia,Denmark,Estonia,Finland,France,Germany,Greece,Hungary,Iceland,Ireland,Italy,Latvia,Liechtenstein,Lithuania,Luxembourg,Malta,Netherlands,Norway,Poland,Portugal,Romania,Slovakia,Slovenia,Spain,Sweden,Switzerland,UK,,,,,,,,,,,,,,
Average age (a),,,11.5,8.3,9.1,16.5,14.6,16.0,14.9,8.8,16.7,12.2,10.2,9.6,16.0,13.5,9.1,8.4,11.4,14.0,9.6,16.8,6.5,16.0,11.0,9.1,14.1,12.8,16.5,14.0,11.7,12.7,10.0,8.0,7.8,,,,,,,,,,,,,,
,,,year of data origin:,2021,,=Romania,,=Greece,,,,,,,,,=Norway,,,,=Germany,,,=Greece,,,,,,,,,,,,,,,,,,,,,,,,,
,,,source:,ACEA Report. Vehicles in use Europe. January 2021.,,,,,,,,,,,,,,,,,,,,,,,,,,,,,,,,,,,,,,,,,,,,,
,,,,,,,,,,,,,,,,,,,,,,,,,,,,,,,,,,,,,,,,,,,,,,,,,
E4.5 PETROL CAR EMISSIONS,,,,Austria,Belgium,Bulgaria,Croatia,Cyprus,Czechia,Denmark,Estonia,Finland,France,Germany,Greece,Hungary,Iceland,Ireland,Italy,Latvia,Liechtenstein,Lithuania,Luxembourg,Malta,Netherlands,Norway,Poland,Portugal,Romania,Slovakia,Slovenia,Spain,Sweden,Switzerland,UK,,,,,,,,,,,,,,
emissions (gCO2e/km) weighted by engine sizes in the national car fleet,,,2019,0.170,0.172,0.170,0.166,0.177,0.171,0.174,0.200,0.191,0.165,0.179,0.177,0.170,0.192,0.165,0.177,0.195,0.203,0.195,0.193,0.163,0.174,0.192,0.174,0.163,0.170,0.171,0.168,0.176,0.182,0.193,0.181,,,,,,,,,,,,,,
,,,data source if missing from the original dataset:,2018,,=Romania,,,,=Netherlands,,,,,=Cyprus,,=Norway,,,,,=Latvia,=Switzerland,,,,,,,=Czechia,,,,,DEFRA AVERAGE 2019,,,,,,,,,,,,,,
,,,year of data origin:,2021,,,,,,,,,,,,,,,,,,,,,,,,,,,,,,,,,,,,,,,,,,,,,
,,,source:,"Passenger cars, by type of motor energy and size of engine [ROAD_EQS_CARMOT$DEFAULTVIEW], petroleum products",,,,,,,,,,,,,,,,,,,,,,,,,,,,,,,,,,,,,,,,,,,,,
,,,year of data origin:,2021,,,,,,,,,,,,,,,,,,,,,,,,,,,,,,,,,,,,,,,,,,,,,
,,,source:,"DEFRA Conversion factors 2021, full set advanced users, business travel - land",,,,,,,,,,,,,,,,,,,,,,,,,,,,,,,,,,,,,,,,,,,,,
,,,,,,,,,,,,,,,,,,,,,,,,,,,,,,,,,,,,,,,,,,,,,,,,,
E4.6 DIESEL CAR EMISSIONS,,,,Austria,Belgium,Bulgaria,Croatia,Cyprus,Czechia,Denmark,Estonia,Finland,France,Germany,Greece,Hungary,Iceland,Ireland,Italy,Latvia,Liechtenstein,Lithuania,Luxembourg,Malta,Netherlands,Norway,Poland,Portugal,Romania,Slovakia,Slovenia,Spain,Sweden,Switzerland,UK,,,,,,,,,,,,,,
emissions (gCO2e/km) weighted by engine sizes in the national car fleet,,,2019,0.176,0.173,0.175,0.174,0.185,0.173,0.177,0.188,0.185,0.171,0.181,0.185,0.177,0.181,0.172,0.175,0.185,0.185,0.185,0.182,0.174,0.177,0.181,0.175,0.173,0.175,0.173,0.175,0.174,0.179,0.182,0.173,,,,,,,,,,,,,,
,,,data source if missing from the actual dataset:,=2018,,=Romania,,,=DEFRA UK average,=Netherlands,,,,,=Cyprus,,=Norway,,,,,=Latvia,=Switzerland,,,,,,,=DEFRA UK average,,,,,DEFRA AVERAGE 2019,,,,,,,,,,,,,,
,,,year of data origin:,2021,,,,,,,,,,,,,,,,,,,,,,,,,,,,,,,,,,,,,,,,,,,,,
,,,source:,"Passenger cars, by type of motor energy and size of engine [ROAD_EQS_CARMOT$DEFAULTVIEW], diesel products",,,,,,,,,,,,,,,,,,,,,,,,,,,,,,,,,,,,,,,,,,,,,
,,,year of data origin:,2021,,,,,,,,,,,,,,,,,,,,,,,,,,,,,,,,,,,,,,,,,,,,,
,,,source:,"DEFRA Conversion factors 2021, full set advanced users, business travel - land",,,,,,,,,,,,,,,,,,,,,,,,,,,,,,,,,,,,,,,,,,,,,
,,,,,,,,,,,,,,,,,,,,,,,,,,,,,,,,,,,,,,,,,,,,,,,,,
E4.7 PASSENGER CARS BY PROPULSION,,,,share (%),,,,,,,,,,,,,,,,,,,,,,,,,,,,,,,,,,,,,,,,,,,,,
fuel type description,AVERAGE,RURAL,URBAN,Austria,Belgium,Bulgaria,Croatia,Cyprus,Czechia,Denmark,Estonia,Finland,France,Germany,Greece,Hungary,Iceland,Ireland,Italy,Latvia,Liechtenstein,Lithuania,Luxembourg,Malta,Netherlands,Norway,Poland,Portugal,Romania,Slovakia,Slovenia,Spain,Sweden,Switzerland,UK,,,,,,,,,,,,,,
Scope 1,gCO2e/vkm,gCO2e/vkm,gCO2e/vkm,,,,,,,,,,,,,,,,,,,,,,,,,,,,,,,,,,,,,,,,,,,,,,
Liquefied Petroleum Gas LPG,198,175,261, 0.0   , 0.0   , 0.0   , 0.0   , -     , 1.8   , 0.0   , 0.0   , 0.0   , 0.0   , 0.8   ,, 0.0   , -     ,, 6.0   , 2.6   , -     , 0.0   , 0.1   , 0.0   , 1.3   , -     , 11.8   , 1.0   , 0.0   , 2.0   , 0.8   , 0.3   , 0.0   , 0.0   ,,,,,,,,,,,,,,,
Natural Gas CNG,176,60,97, 0.0   , 0.1   , 0.0   , 0.0   , -     ,, 0.0   , 0.2   , 0.1   , 0.0   , 0.2   , 0.1   , 0.0   , -     ,, 2.2   , 0.0   , 0.1   , 0.0   , 0.0   , -     , 0.1   , 0.0   , 0.0   , 0.0   , 0.0   , 0.1   , 0.0   , 0.1   , 0.2   , 0.1   , 0.0   ,,,,,,,,,,,,,,
Alternative Energy / biomethane NGV,48,42,63, 0.5   , 1.1   , 0.2   , 3.8   , 0.1   , 1.9   , 0.6   , 0.3   , 0.5   , 1.0   , 2.0   ,, 2.2   , 8.6   , 3.1   , 8.3   , 6.3   , 1.3   , 7.1   , 1.5   , 0.8   , 2.6   , 8.6   , 13.9   , 1.4   , 0.2   ,, 1.6   , 0.5   , 5.3   , 0.9   , 0.3   ,,,,,,,,,,,,,,
"Petrol, according to country selection",163,144,214, 42.7   , 45.5   , 52.3   , 41.5   , 78.4   , 57.8   , 67.6   , 58.7   , 70.8   , 33.8   , 64.6   , 91.1   , 65.7   , 33.7   , 38.1   , 42.2   , 29.7   , 62.6   , 21.5   , 41.0   , 66.2   , 78.0   , 33.7   , 45.2   , 41.0   , 52.3   , 51.7   , 48.0   , 42.9   , 52.2   , 66.4   , 58.5   ,,,,,,,,,,,,,,
Hybrid electric-petrol,120,106,157, 0.6   , 1.7   , 0.3   ,, 1.4   ,,, 1.1   , 1.5   , 1.4   ,, 0.5   , -     , 3.5   ,, 0.7   , 0.0   , 2.1   , -     , 1.2   , 0.7   , 2.2   , 3.5   , 0.1   , 0.6   , 0.3   , 0.4   ,, 1.3   , 2.2   , 2.0   , 1.3   ,,,,,,,,,,,,,,
Plug-in hybrid petrol-electric PHEV,,,,,,,,,,,,,,,,,,,,,,,,,,,,,,,,,,,,,,,,,,,,,,,,,
"Diesel, according to country selection",174,150,241, 55.5   , 50.5   , 46.5   , 51.0   , 19.9   , 38.5   , 30.8   , 39.4   , 25.9   , 62.3   , 31.0   , 8.1   , 31.2   , 41.9   , 55.7   , 40.5   , 57.6   , 32.5   , 63.0   , 54.9   , 31.4   , 13.4   , 41.9   , 26.9   , 55.1   , 46.5   , 44.3   , 48.8   , 54.7   , 33.6   , 29.6   , 39.2   ,,,,,,,,,,,,,,
Hybrid diesel-electric,120,103,165, 0.0   , 0.1   , 0.5   ,, -     ,,, 0.1   , 0.1   , 0.2   ,,, -     , 0.1   ,, 0.0   , 0.0   , 0.1   , -     ,, 0.0   , 0.1   , 0.1   , 0.0   , 0.2   , 0.5   ,,, 0.1   , 0.0   , 0.2   , 0.0   ,,,,,,,,,,,,,,
Plug-in hybrid diesel-electric PHEV,,,,,,,,,,,,,,,,,,,,,,,,,,,,,,,,,,,,,,,,,,,,,,,,,
Hydrogen and fuel cells,0,0,0, 0.0   ,,, 0.0   , -     ,, 0.0   ,, 0.0   , 0.0   ,,, -     , -     ,,, -     , -     , -     ,, -     , 0.0   , 0.0   , 0.0   , -     ,,,, 0.0   , 0.0   , 0.0   , 0.0   ,,,,,,,,,,,,,,
Bioethanol,5,4,7,, 0.0   ,, 0.0   , -     ,,,, 0.1   , 0.1   ,,, -     , -     ,,, -     , -     , -     ,, -     , 0.0   , -     , 0.0   , 0.0   ,,,, -     , 0.0   , -     ,,,,,,,,,,,,,,,
Bio-diesel,1,1,1,,,, 0.0   , -     ,,,,,,,, -     , -     ,,, -     , -     , -     ,, -     , -     , -     , 0.0   , -     ,,,, 0.0   , 0.0   , -     ,,,,,,,,,,,,,,,
Bi-fuel,30,27,38, 0.1   ,, 0.2   , 3.4   , -     ,,,, 0.2   , 0.4   ,,, 0.8   , -     ,,, -     , 0.2   , -     ,, 0.5   , -     , -     , -     , 0.0   , 0.2   ,,, -     , 0.6   , 0.2   , 0.1   ,,,,,,,,,,,,,,
Other (unknown),171,151,226,, 0.7   , 0.0   , 0.3   , 0.1   , 0.0   , 0.0   ,, 0.0   , 0.0   , 1.1   ,, 0.0   , -     , 2.7   , 0.0   , 3.6   , 0.0   , 7.0   , 0.9   , -     , -     , 0.0   , 2.1   , 0.0   , 0.0   ,, 0.6   , 0.0   , 3.9   , 0.0   , 0.0   ,,,,,,,,,,,,,,
Scope 2,kWh/km,kWh/km,kWh/km, -     , -     , -     , -     , -     , -     , -     , -     , -     , -     , -     ,, -     ,, -     , -     , -     , -     , -     , -     , -     , -     , -     , -     , -     , -     ,, -     , -     , -     , -     , -     ,,,,,,,,,,,,,,
Plug-in hybrid petrol-electric PHEV,0.231,0.240,0.204, 0.1   ,,,, -     ,, 0.4   ,, 0.6   , 0.2   ,,, -     , 3.5   ,,, -     ,, 1.3   ,, 0.1   , 0.9   , 3.5   ,, 0.3   ,,,, 0.0   , 1.2   ,, 0.4   ,,,,,,,,,,,,,,
Plug-in hybrid diesel-electric PHEV,0.235,0.245,0.208, 0.0   ,,,, -     ,,,, 0.1   , 0.0   ,,, -     , 0.2   ,,, -     ,, 0.0   ,, -     , 0.2   , 0.2   ,, 0.0   ,,,, 0.0   , 0.1   ,, 0.0   ,,,,,,,,,,,,,,
Electricity BEV,0.227,0.237,0.201, 0.4   , 0.3   , 0.0   , 0.0   , 0.0   , 0.1   , 0.6   , 0.2   , 0.1   , 0.5   , 0.3   ,, 0.2   , 8.5   , 0.4   , 0.1   , 0.1   , 1.0   , 0.1   , 0.5   , 0.3   , 1.2   , 8.5   , 0.0   , 0.3   , 0.0   , 0.1   , 0.2   , 0.2   , 0.6   , 0.6   , 0.2   ,,,,,,,,,,,,,,
average gCO2e/km for the national car fleet,,,,167,166,167,160,164,165,164,166,163,166,164,163,163,136,165,160,163,162,160,166,164,157,136,154,166,167,166,167,168,156,163,165,,,,,,,,,,,,,,
,,,data source if missing from the original dataset:,Eurostat 2018,,=Romania,,,,,,,,,ACEA 2021,,=Norway,,,,,,,,,,,,,ACEA 2021,,,,,Eurostat 2018,,,,,,,,,,,,,,
"emission factors, conversion to rural/urban",,,year of data origin:,2016,,,,,,,,,,,,,,,,,,,,,,,,,,,,,,,,,,,,,,,,,,,,,
"PHEV, BEV",,,source:,LIPASTO database,,,,,,,,,,,,,,,,,,,,,,,,,,,,,,,,,,,,,,,,,,,,,
emission factors,,,year of data origin:,2018,,,,,,,,,,,,,,,,,,,,,,,,,,,,,,,,,,,,,,,,,,,,,
Alternative energy / NGV (biomethane),,,source:,Biogas for road vehicles. Technology brief. IRENA,,,,,,,,,,,,,,,,,,,,,,,,,,,,,,,,,,,,,,,,,,,,,
emission factors,,,year of data origin:,2021,,,,,,,,,,,,,,,,,,,,,,,,,,,,,,,,,,,,,,,,,,,,,
"petro, diesel, hybrid, LPG, CNG, unknown",,,source:,DEFRA Conversion factors.,,,,,,,,,,,,,,,,,,,,,,,,,,,,,,,,,,,,,,,,,,,,,
,,,year of data origin:,,,,,,,,,,,,,,,,,,,,,,,,,,,,,,,,,,,,,,,,,,,,,,
,,,source:,"national data: Eurostat, Passenger cars by type of motor energy 2019",,,,,,,,,,,,,,,,,,,,,,,,,,,,,,,,,,,,,,,,,,,,,
,,,year of data origin:,2021,,,,,,,,,,,,,,,,,,,,,,,,,,,,,,,,,,,,,,,,,,,,,
,,,source:,"Slovakia and Greece: ACEA report: Vehicles in use Europe, January 2021. European Automobile Manufacturers Association (ACEA) 2021.",,,,,,,,,,,,,,,,,,,,,,,,,,,,,,,,,,,,,,,,,,,,,
,,,,,,,,,,,,,,,,,,,,,,,,,,,,,,,,,,,,,,,,,,,,,,,,,
E4.8 ELECTRICITY IN ROAD TRANSPORT,,,,,,,,,,,,,,,,,,,,,,,,,,,,,,,,,,,,,,,,,,,,,,,,,
prognosis on the share of electric vehicles (%),,,EU-28,Austria,Belgium,Bulgaria,Croatia,Cyprus,Czechia,Denmark,Estonia,Finland,France,Germany,Greece,Hungary,Iceland,Ireland,Italy,Latvia,Liechtenstein,Lithuania,Luxembourg,Malta,Netherlands,Norway,Poland,Portugal,Romania,Slovakia,Slovenia,Spain,Sweden,Switzerland,UK,,,,,,,,,,,,,,
2020,,,0.2,0.1,0.3,0.0,0.1,0.1,0.1,0.1,0.2,0.2,0.3,0.3,0.2,0.1,0.2,0.2,0.1,0.1,0.2,0.0,0.1,0.1,0.4,0.2,0.0,0.1,0.0,0.1,0.3,0.1,0.3,0.2,0.4,,,,,,,,,,,,,,
2025,,,0.4,0.2,0.4,0.1,0.3,0.3,0.2,0.3,0.3,0.5,0.6,0.6,0.5,0.2,0.4,0.3,0.2,0.2,0.4,0.1,0.2,0.2,0.7,0.4,0.1,0.2,0.1,0.2,0.9,0.3,0.4,0.4,0.6,,,,,,,,,,,,,,
2030,,,0.9,0.4,0.6,0.2,0.8,0.6,0.4,0.7,0.6,1.4,1.3,1.4,1.0,0.4,0.9,0.7,0.5,0.7,0.9,0.3,0.5,0.5,1.1,0.9,0.2,0.4,0.3,0.4,1.7,0.5,0.7,0.9,1.3,,,,,,,,,,,,,,
2035,,,1.2,0.6,1.0,0.3,1.0,0.9,0.6,1.0,1.0,1.7,1.7,1.9,1.4,0.6,1.2,1.0,0.8,1.2,1.2,0.5,0.4,0.8,1.5,1.2,0.4,0.8,0.5,0.6,2.1,0.8,1.3,1.2,1.7,,,,,,,,,,,,,,
2040,,,1.5,0.8,1.2,0.4,1.2,1.3,0.8,1.3,1.2,2.0,2.1,2.3,1.7,0.8,1.5,1.3,1.2,1.5,1.5,0.6,0.6,1.0,1.9,1.5,0.6,1.2,0.8,0.9,2.4,1.0,1.9,1.5,2.1,,,,,,,,,,,,,,
2045,,,1.9,1.0,1.5,0.6,1.6,1.7,1.1,1.7,1.5,2.2,2.5,.2.8,2.1,1.1,1.9,1.6,1.4,1.7,1.9,0.7,0.9,1.4,2.3,1.9,0.9,1.8,1.1,1.2,2.8,1.2,2.5,1.9,2.7,,,,,,,,,,,,,,
2050,,,2.3,1.3,1.7,0.8,1.8,2.0,1.4,2.1,1.7,2.5,3.0,3.3,2.3,1.3,2.3,1.9,1.6,1.8,2.3,0.8,1.0,1.7,2.6,2.3,1.2,2.3,1.3,1.4,3.1,1.5,2.8,2.3,3.3,,,,,,,,,,,,,,
,,,data source if missing from the original dataset:,,,,,,,,,,,,,,EU-28,,,,EU-28,,,,,EU-28,,,,,,,,EU-28,,,,,,,,,,,,,,,
,,,year of data origin:,2015,,,,,,,,,,,,,,,,,,,,,,,,,,,,,,,,,,,,,,,,,,,,,
,,,source:,"EU Reference Scenario 2016. Energy, transport and GHG emissions. Trends to 2050. European Commission, pp. 143-201.",,,,,,,,,,,,,,,,,,,,,,,,,,,,,,,,,,,,,,,,,,,,,
,,,,,,,,,,,,,,,,,,,,,,,,,,,,,,,,,,,,,,,,,,,,,,,,,
,,,,,,,,,,,,,,,,,,,,,,,,,,,,,,,,,,,,,,,,,,,,,,,,,
E5 PASSENGER TRANSPORT - TRAMS AND METROS,,,,,,,,,,,,,,,,,,,,,,,,,,,,,,,,,,,,,,,,,,,,,,,,,
,,,,,,,,,,,,,,,,,,,,,,,,,,,,,,,,,,,,,,,,,,,,,,,,,
E5.1 TRAMS AND METROS / PASSENGER TRANSPORT VOLUME,,,,,,,,,,,,,,,,,,,,,,,,,,,,,,,,,,,,,,,,,,,,,,,,,
Annual change (%),,,EU-28,Austria,Belgium,Bulgaria,Croatia,Cyprus,Czechia,Denmark,Estonia,Finland,France,Germany,Greece,Hungary,Iceland,Ireland,Italy,Latvia,Liechtenstein,Lithuania,Luxembourg,Malta,Netherlands,Norway,Poland,Portugal,Romania,Slovakia,Slovenia,Spain,Sweden,Switzerland,UK,,,,,,,,,,,,,,
2000-10,,,1.0,1.9,3.1,-2.5,2.7,0.0,0.1,1.8,-1.3,1.4,2.1,1.1,-0.2,-1.8,1.0,2.7,-0.2,-1.2,-4.8,0.4,0.0,1.0,0.5,1.0,1.0,-2.5,1.4,-3.3,1.0,-2.1,1.4,1.2,2.8,1.0,1.0,3.5,,,,,,,,,,,
2010-20,,,1.7,2.1,1.1,1.6,1.3,0.0,2.5,1.6,3.0,1.4,1.5,1.3,0.9,2.0,1.7,0.9,1.4,1.7,3.3,3.0,0.0,1.7,1.9,1.7,1.7,3.1,1.5,1.5,1.7,2.8,4.0,2.4,2.0,1.7,1.7,1.8,,,,,,,,,,,
2020-30,,,1.6,1.4,1.7,1.6,0.6,0.0,1.6,1.9,2.4,1.1,1.4,1.2,1.4,2.1,1.6,0.8,1.4,2.6,,1.2,2.5,0.0,1.3,1.6,3.9,1.9,1.5,2.9,3.4,2.8,1.5,1.6,1.1,,,,,,,,,,,,,,
2030-40,,,1.2,0.8,1.7,0.9,0.6,0.0,1.0,0.9,1.2,0.9,1.5,1.2,1.3,1.6,1.2,0.6,0.9,1.4,,0.9,1.7,0.0,0.9,1.2,1.1,1.2,1.4,1.1,1.9,2.0,0.9,1.2,0.6,,,,,,,,,,,,,,
2040-50,,,1.2,0.8,1.7,0.9,0.6,0.0,1.0,0.9,1.2,0.9,1.5,1.2,1.3,1.6,1.2,0.6,0.9,1.4,,0.9,1.7,0.0,0.9,1.2,1.1,1.2,1.4,1.1,1.9,2.0,0.9,1.2,0.6,,,,,,,,,,,,,,
,,,year of data origin:,2015,,,,,,,,,,,,,EU-28,,,,,,,,,EU-28,,,,,,,,EU-28,,,,,,,,,,,,,,,
,,,source:,"EU Reference Scenario 2016. Energy, transport and GHG emissions. Trends to 2050. European Commission.",,,,,,,,,,,,,,,,,,,,,,,,,,,,,,,,,,,,,,,,,,,,,
,,,,,,,,,,,,,,,,,,,,,,,,,,,,,,,,,,,,,,,,,,,,,,,,,
E5.2 TRAM / METRO OCCUPANCY,,,EU-28,Austria,Belgium,Bulgaria,Croatia,Cyprus,Czechia,Denmark,Estonia,Finland,France,Germany,Greece,Hungary,Iceland,Ireland,Italy,Latvia,Lithuania,Luxembourg,Luxembourg,Malta,Netherlands,Norway,Poland,Portugal,Romania,Slovakia,Slovenia,Spain,Sweden,Switzerland,UK,,,,,,,,,,,,,,
Average metro occupancy (passengers),,,18.0,18.0,18.0,18.0,18.0,18.0,18.0,18.0,18.0,18.0,18.0,18.0,18.0,18.0,18.0,18.0,18.0,18.0,18.0,18.0,18.0,18.0,18.0,18.0,18.0,18.0,18.0,18.0,18.0,18.0,18.0,18.0,18.0,,,,,,,,,,,,,,
Average tram occupancy (passengers),,,18.0,18.0,18.0,18.0,18.0,18.0,18.0,18.0,18.0,18.0,18.0,18.0,18.0,18.0,18.0,18.0,18.0,18.0,18.0,18.0,18.0,18.0,18.0,18.0,18.0,18.0,18.0,18.0,18.0,18.0,18.0,18.0,18.0,,,,,,,,,,,,,,
,,,year of data origin:,,,,,,,,,,,,,,,,,,,,,,,,,,,,,,,,,,,,,,,,,,,,,,
,,,source:,,,,,,,,,,,,,,,,,,,,,,,,,,,,,,,,,,,,,,,,,,,,,,
,,,,,,,,,,,,,,,,,,,,,,,,,,,,,,,,,,,,,,,,,,,,,,,,,
E5.3 METRO SYSTEMS IN EUROPE,,,,Austria,Belgium,Bulgaria,Croatia,Cyprus,Czechia,Denmark,Estonia,Finland,France,Germany,Greece,Hungary,Iceland,Ireland,Italy,Latvia,Liechtenstein,Lithuania,Luxembourg,Malta,Netherlands,Norway,Poland,Portugal,Romania,Slovakia,Slovenia,Spain,Sweden,Switzerland,UK,,,,,,,,,,,,,,
,,,,Vienna,Brussels,Sofia,no metro,no metro,Prague,Copenhagen,no metro,Helsinki,Lille,Berlin,Athens,Budapest,no metro,no metro,Brescia,no metro,no metro,no metro,no metro,no metro,Amsterdam,Oslo,Warsaw,Lisbon,Bucharest,no metro,no metro,Barcelona,Stockholm,Lausanne,Glasgow,,,,,,,,,,,,,,
,,,,-,-,-,-,-,-,-,-,-,Lyon,Hamburg,-,-,-,-,Catania,-,-,-,-,-,Rotterdam,-,-,-,-,-,-,Bilbao,-,-,London Underground,,,,,,,,,,,,,,
,,,,-,-,-,-,-,-,-,-,-,Marseille,Munich,-,-,-,-,Genoa,-,-,-,-,-,-,-,-,-,-,-,-,Madrid,-,-,-,,,,,,,,,,,,,,
,,,,-,-,-,-,-,-,-,-,-,Paris,Nuremberg,-,-,-,-,Milan,-,-,-,-,-,-,-,-,-,-,-,-,-,-,-,-,,,,,,,,,,,,,,
,,,,-,-,-,-,-,-,-,-,-,Rennes,-,-,-,-,-,Naples,-,-,-,-,-,-,-,-,-,-,-,-,-,-,-,-,,,,,,,,,,,,,,
,,,,-,-,-,-,-,-,-,-,-,Toulouse,-,-,-,-,-,Rome,-,-,-,-,-,-,-,-,-,-,-,-,-,-,-,-,,,,,,,,,,,,,,
,,,,-,-,-,-,-,-,-,-,-,-,-,-,-,-,-,Turin,-,-,-,-,-,-,-,-,-,-,-,-,-,-,-,-,,,,,,,,,,,,,,
,,,,,,,,,,,,,,,,,,,,,,,,,,,,,,,,,,,,,,,,,,,,,,,,,
"E5.4 METRO VEHICLE KILOMETERS, ESTIMATE",,,,Austria,Belgium,Bulgaria,Croatia,Cyprus,Czechia,Denmark,Estonia,Finland,France,Germany,Greece,Hungary,Iceland,Ireland,Italy,Latvia,Liechtenstein,Lithuania,Luxembourg,Malta,Netherlands,Norway,Poland,Portugal,Romania,Slovakia,Slovenia,Spain,Sweden,Switzerland,UK,,,,,,,,,,,,,,
"total, million vehicle-km",,,grey=tram 50% - metro 50%,199.8,38.8,30.1,0.0,0.0,298.2,9.8,0.0,18.2,300.0,488.9,46.9,75.2,0.0,0.0,190.7,0.0,0.0,0.0,0.0,0.0,28.9,27.7,120.9,32.7,241.8,0.0,0.0,242.5,76.0,32.6,73,black numbers are confirmed,,,,,,,,,,,,,
,,,Estimate is based on the total track length and the annual volume of passengers,,,,,,,,,,,,,,,,,,,,,,,,,,,,,,,,,,,,,,,,,,,,,,
,,,source:,"UK: Light rail and tram statistics, Table LRT0105, Vehicle kilometers on light rail and trams and undergrounds, 2020/21",,,,,,,,,,,,,,,,,,,,,,,,,,,,,,,,,,,,,,,,,,,,,
,,,,,,,,,,,,,,,,,,,,,,,,,,,,,,,,,,,,,,,,,,,,,,,,,
E5.5 CITY SHARES IN THE TOTAL NATIONAL METRO TRANSPORT (%),,,,Austria,Belgium,Bulgaria,Croatia,Cyprus,Czechia,Denmark,Estonia,Finland,France,Germany,Greece,Hungary,Iceland,Ireland,Italy,Latvia,Liechtenstein,Lithuania,Luxembourg,Malta,Netherlands,Norway,Poland,Portugal,Romania,Slovakia,Slovenia,Spain,Sweden,Switzerland,UK,,,,,,,,,,,,,,
"Shares in total national vehicle-kilometers (%), estimate",,,,100,100,100,0,0,100,100,0,100,11.1,40.6,100,100,0,0,4.2,0,0,0,0,0,41.0,100,100,100,100,0,0,29.9,100,100,0.5,,,,,,,,,,,,,,
,,,Estimate is based on the track length and the annual volume of passengers,,,,,,,,,,12.7,22.7,,,,,2.3,,,,,,59.0,,,,,,,11.9,,,99.5,,,,,,,,,,,,,,
,,,,,,,,,,,,,6.0,27.7,,,,,2.5,,,,,,,,,,,,,58.2,,,,,,,,,,,,,,,,,
,,,,,,,,,,,,,59.1,9.1,,,,,45.1,,,,,,,,,,,,,,,,,,,,,,,,,,,,,,
,,,,,,,,,,,,,2.7,,,,,,7.1,,,,,,,,,,,,,,,,,,,,,,,,,,,,,,
,,,,,,,,,,,,,8.4,,,,,,32.8,,,,,,,,,,,,,,,,,,,,,,,,,,,,,,
,,,,,,,,,,,,,,,,,,,6.0,,,,,,,,,,,,,,,,,,,,,,,,,,,,,,
,,,,,,,,,,,,,,,,,,,,,,,,,,,,,,,,,,,,,,,,,,,,,,,,,
E5.6 TRAM SYSTEMS IN EUROPE,,,,Austria,Belgium,Bulgaria,Croatia,Cyprus,Czechia,Denmark,Estonia,Finland,France,Germany,Greece,Hungary,Iceland,Ireland,Italy,Latvia,Liechtenstein,Lithuania,Luxembourg,Malta,Netherlands,Norway,Poland,Portugal,Romania,Slovakia,Slovenia,Spain,Sweden,Switzerland,UK,,,,,,,,,,,,,,
,,,,Gmunden,Antwerp,Sofia,Osijek,no trams,Brno,Aarhus,Tallinn,Helsinki,Angers,Augsburg,Athens,Budapest,no trams,Dublin,Bergamo–Albino light rail,Daugavpils,no trams,no trams,Luxembourg,no trams,Amsterdam,Bergen Light Rail,Bydgoszcz,Almada-Seixal,Arad,Bratislava,no trams,Alicante,Gothenburg,Basel,"Birmingham, West Midlands Metro",,,,,,,,,,,,,,
,,,,Graz,Coast Tram ,-,Zagreb,-,Liberec–Jablonec,-,-,Tampere,Aubagne,Bad Schandau,-,Debrecen,-,-,Cagliari light rail,Liepâja,-,-,-,-,Rotterdam,Oslo,Czæstochowa,Lisbon,Boto?ani,Koðice,-,Barcelona,Lund,Bern,Blackpool tramway,,,,,,,,,,,,,,
,,,,Innsbruck,Brussels,-,-,-,Most-Litv?nov,-,-,-,Avignon,Berlin,-,Miskolc,-,-,Florence,Riga,-,-,-,-,The Hague,Trondheim,Elblàg,Porto Metro,Br?ila,Trenèianske Teplice,-,Bilbao,Norrköping,Geneva,Edinburgh,,,,,,,,,,,,,,
,,,,Linz,Charleroi,-,-,-,Olomouc,-,-,-,Besan?on,Bielefeld,-,Szeged,-,-,Messina,-,-,-,-,-,Utrecht sneltram,-,Gdañsk,Porto,Bucharest,-,-,Granada,Stockholm,Lausanne,London Tramlink,,,,,,,,,,,,,,
,,,,Vienna tram,Ghent,-,-,-,Ostrava,-,-,-,Bordeaux,Bochum Stadtbahn,-,-,-,-,Mestre,-,-,-,-,-,-,-,Gorzów Wielkopolski,Sintra,Cluj-Napoca,-,-,Madrid,-,Neuch?tel,Manchester Metrolink,,,,,,,,,,,,,,
,,,,Wiener Lokalbahn,-,-,-,-,Pilsen,-,-,-,Brest,Bochum/Gelsenkirchen,-,-,-,-,Milan,-,-,-,-,-,-,-,Grudziàdz,-,Craiova,-,-,Murcia,-,Zürich,"Newcastle, Tyne and Wear Metro",,,,,,,,,,,,,,
,,,,-,-,-,-,-,-,-,-,-,-,Bonn Stadtbahn,-,-,-,-,Naples,-,-,-,-,-,-,-,Katowice,-,Gala?i,-,-,Parla,-,-,Nottingham Express Transit,,,,,,,,,,,,,,
,,,,-,-,-,-,-,-,-,-,-,-,Bonn,-,-,-,-,Padua,-,-,-,-,-,-,-,Kraków,-,Ia?i (RATP Ia?i),-,-,Santa Cruz de Tenerife,-,-,Sheffield Supertram,,,,,,,,,,,,,,
,,,,-,-,-,-,-,-,-,-,-,-,Brandenburg  and der Havel,-,-,-,-,Palermo,-,-,-,-,-,-,-,Kraków Fast Tram,-,Oradea,-,-,Seville,-,-,Docklands Light Railway,,,,,,,,,,,,,,
,,,,-,-,-,-,-,-,-,-,-,-,Braunschweig,-,-,-,-,Rome,-,-,-,-,-,-,-,Ùódê,-,Ploie?ti,-,-,"Sóller, Mallorca",-,-,-,,,,,,,,,,,,,,
,,,,-,-,-,-,-,-,-,-,-,-,Bremen,-,-,-,-,Sassari,-,-,-,-,-,-,-,Olsztyn,-,Timi?oara,-,-,Valencia,-,-,-,,,,,,,,,,,,,,
,,,,-,-,-,-,-,-,-,-,-,-,Chemnitz,-,-,-,-,Turin,-,-,-,-,-,-,-,Poznañ,-,-,-,-,Vitoria-Gasteiz,-,-,-,,,,,,,,,,,,,,
,,,,-,-,-,-,-,-,-,-,-,-,Cologne,-,-,-,-,Trieste–Opicina,-,-,-,-,-,-,-,Poznañ Fast Tram,-,-,-,-,Zaragoza,-,-,-,,,,,,,,,,,,,,
,,,,-,-,-,-,-,-,-,-,-,-,Cottbus,-,-,-,-,-,-,-,-,-,-,-,-,Szczecin,-,-,-,-,-,-,-,-,,,,,,,,,,,,,,
,,,,-,-,-,-,-,-,-,-,-,-,Darmstadt,-,-,-,-,-,-,-,-,-,-,-,-,Toruñ,-,-,-,-,-,-,-,-,,,,,,,,,,,,,,
,,,,-,-,-,-,-,-,-,-,-,-,Dessau,-,-,-,-,-,-,-,-,-,-,-,-,Warsaw,-,-,-,-,-,-,-,-,,,,,,,,,,,,,,
,,,,-,-,-,-,-,-,-,-,-,-,Dortmund,-,-,-,-,-,-,-,-,-,-,-,-,Wrocùaw,-,-,-,-,-,-,-,-,,,,,,,,,,,,,,
,,,,-,-,-,-,-,-,-,-,-,-,Dresden,-,-,-,-,-,-,-,-,-,-,-,-,-,-,-,-,-,-,-,-,-,,,,,,,,,,,,,,
,,,,-,-,-,-,-,-,-,-,-,-,Duisburg,-,-,-,-,-,-,-,-,-,-,-,-,-,-,-,-,-,-,-,-,-,,,,,,,,,,,,,,
,,,,-,-,-,-,-,-,-,-,-,-,Düsseldorf Stadtbahn,-,-,-,-,-,-,-,-,-,-,-,-,-,-,-,-,-,-,-,-,-,,,,,,,,,,,,,,
,,,,-,-,-,-,-,-,-,-,-,-,Düsseldorf,-,-,-,-,-,-,-,-,-,-,-,-,-,-,-,-,-,-,-,-,-,,,,,,,,,,,,,,
,,,,-,-,-,-,-,-,-,-,-,-,Erfurt,-,-,-,-,-,-,-,-,-,-,-,-,-,-,-,-,-,-,-,-,-,,,,,,,,,,,,,,
,,,,-,-,-,-,-,-,-,-,-,-,Essen Stadtbahn,-,-,-,-,-,-,-,-,-,-,-,-,-,-,-,-,-,-,-,-,-,,,,,,,,,,,,,,
,,,,-,-,-,-,-,-,-,-,-,-,Essen trams,-,-,-,-,-,-,-,-,-,-,-,-,-,-,-,-,-,-,-,-,-,,,,,,,,,,,,,,
,,,,-,-,-,-,-,-,-,-,-,-,Frankfurt am Main U-Bahn,-,-,-,-,-,-,-,-,-,-,-,-,-,-,-,-,-,-,-,-,-,,,,,,,,,,,,,,
,,,,-,-,-,-,-,-,-,-,-,-,Frankfurt am Main,-,-,-,-,-,-,-,-,-,-,-,-,-,-,-,-,-,-,-,-,-,,,,,,,,,,,,,,
,,,,-,-,-,-,-,-,-,-,-,-,Frankfurt (Oder),-,-,-,-,-,-,-,-,-,-,-,-,-,-,-,-,-,-,-,-,-,,,,,,,,,,,,,,
,,,,-,-,-,-,-,-,-,-,-,-,Freiburg im Breisgau,-,-,-,-,-,-,-,-,-,-,-,-,-,-,-,-,-,-,-,-,-,,,,,,,,,,,,,,
,,,,-,-,-,-,-,-,-,-,-,-,Gera,-,-,-,-,-,-,-,-,-,-,-,-,-,-,-,-,-,-,-,-,-,,,,,,,,,,,,,,
,,,,-,-,-,-,-,-,-,-,-,-,Görlitz,-,-,-,-,-,-,-,-,-,-,-,-,-,-,-,-,-,-,-,-,-,,,,,,,,,,,,,,
,,,,-,-,-,-,-,-,-,-,-,-,Gotha,-,-,-,-,-,-,-,-,-,-,-,-,-,-,-,-,-,-,-,-,-,,,,,,,,,,,,,,
,,,,-,-,-,-,-,-,-,-,-,-,Halberstadt,-,-,-,-,-,-,-,-,-,-,-,-,-,-,-,-,-,-,-,-,-,,,,,,,,,,,,,,
,,,,-,-,-,-,-,-,-,-,-,-,Halle (Saale),-,-,-,-,-,-,-,-,-,-,-,-,-,-,-,-,-,-,-,-,-,,,,,,,,,,,,,,
,,,,-,-,-,-,-,-,-,-,-,-,Heidelberg,-,-,-,-,-,-,-,-,-,-,-,-,-,-,-,-,-,-,-,-,-,,,,,,,,,,,,,,
,,,,-,-,-,-,-,-,-,-,-,-,Hanover,-,-,-,-,-,-,-,-,-,-,-,-,-,-,-,-,-,-,-,-,-,,,,,,,,,,,,,,
,,,,-,-,-,-,-,-,-,-,-,-,Jena,-,-,-,-,-,-,-,-,-,-,-,-,-,-,-,-,-,-,-,-,-,,,,,,,,,,,,,,
,,,,-,-,-,-,-,-,-,-,-,-,Karlsruhe Stadtbahn,-,-,-,-,-,-,-,-,-,-,-,-,-,-,-,-,-,-,-,-,-,,,,,,,,,,,,,,
,,,,-,-,-,-,-,-,-,-,-,-,Karlsruhe,-,-,-,-,-,-,-,-,-,-,-,-,-,-,-,-,-,-,-,-,-,,,,,,,,,,,,,,
,,,,-,-,-,-,-,-,-,-,-,-,Kassel RegioTram,-,-,-,-,-,-,-,-,-,-,-,-,-,-,-,-,-,-,-,-,-,,,,,,,,,,,,,,
,,,,-,-,-,-,-,-,-,-,-,-,Kassel,-,-,-,-,-,-,-,-,-,-,-,-,-,-,-,-,-,-,-,-,-,,,,,,,,,,,,,,
,,,,-,-,-,-,-,-,-,-,-,-,Krefeld,-,-,-,-,-,-,-,-,-,-,-,-,-,-,-,-,-,-,-,-,-,,,,,,,,,,,,,,
,,,,-,-,-,-,-,-,-,-,-,-,Leipzig,-,-,-,-,-,-,-,-,-,-,-,-,-,-,-,-,-,-,-,-,-,,,,,,,,,,,,,,
,,,,-,-,-,-,-,-,-,-,-,-,Magdeburg,-,-,-,-,-,-,-,-,-,-,-,-,-,-,-,-,-,-,-,-,-,,,,,,,,,,,,,,
,,,,-,-,-,-,-,-,-,-,-,-,Mainz,-,-,-,-,-,-,-,-,-,-,-,-,-,-,-,-,-,-,-,-,-,,,,,,,,,,,,,,
,,,,-,-,-,-,-,-,-,-,-,-,Mannheim/Ludwigshafen,-,-,-,-,-,-,-,-,-,-,-,-,-,-,-,-,-,-,-,-,-,,,,,,,,,,,,,,
,,,,-,-,-,-,-,-,-,-,-,-,Mülheim/Oberhausen,-,-,-,-,-,-,-,-,-,-,-,-,-,-,-,-,-,-,-,-,-,,,,,,,,,,,,,,
,,,,-,-,-,-,-,-,-,-,-,-,Munich,-,-,-,-,-,-,-,-,-,-,-,-,-,-,-,-,-,-,-,-,-,,,,,,,,,,,,,,
,,,,-,-,-,-,-,-,-,-,-,-,Naumburg (Saale),-,-,-,-,-,-,-,-,-,-,-,-,-,-,-,-,-,-,-,-,-,,,,,,,,,,,,,,
,,,,-,-,-,-,-,-,-,-,-,-,Nordhausen,-,-,-,-,-,-,-,-,-,-,-,-,-,-,-,-,-,-,-,-,-,,,,,,,,,,,,,,
,,,,-,-,-,-,-,-,-,-,-,-,Nuremberg,-,-,-,-,-,-,-,-,-,-,-,-,-,-,-,-,-,-,-,-,-,,,,,,,,,,,,,,
,,,,-,-,-,-,-,-,-,-,-,-,Plauen,-,-,-,-,-,-,-,-,-,-,-,-,-,-,-,-,-,-,-,-,-,,,,,,,,,,,,,,
,,,,-,-,-,-,-,-,-,-,-,-,Potsdam,-,-,-,-,-,-,-,-,-,-,-,-,-,-,-,-,-,-,-,-,-,,,,,,,,,,,,,,
,,,,-,-,-,-,-,-,-,-,-,-,Rostock,-,-,-,-,-,-,-,-,-,-,-,-,-,-,-,-,-,-,-,-,-,,,,,,,,,,,,,,
,,,,-,-,-,-,-,-,-,-,-,-,Saarbahn,-,-,-,-,-,-,-,-,-,-,-,-,-,-,-,-,-,-,-,-,-,,,,,,,,,,,,,,
,,,,-,-,-,-,-,-,-,-,-,-,Schwerin,-,-,-,-,-,-,-,-,-,-,-,-,-,-,-,-,-,-,-,-,-,,,,,,,,,,,,,,
,,,,-,-,-,-,-,-,-,-,-,-,Strausberg,-,-,-,-,-,-,-,-,-,-,-,-,-,-,-,-,-,-,-,-,-,,,,,,,,,,,,,,
,,,,-,-,-,-,-,-,-,-,-,-,Stuttgart,-,-,-,-,-,-,-,-,-,-,-,-,-,-,-,-,-,-,-,-,-,,,,,,,,,,,,,,
,,,,-,-,-,-,-,-,-,-,-,-,Ulm,-,-,-,-,-,-,-,-,-,-,-,-,-,-,-,-,-,-,-,-,-,,,,,,,,,,,,,,
,,,,,,,,,,,,,,,,,,,,,,,,,,,,,,,,,,,,,,,,,,,,,,,,,
"E5.7 TRAM VEHICLE KILOMETERS, ESTIMATE",,,,Austria,Belgium,Bulgaria,Croatia,Cyprus,Czechia,Denmark,Estonia,Finland,France,Germany,Greece,Hungary,Iceland,Ireland,Italy,Latvia,Liechtenstein,Lithuania,Luxembourg,Malta,Netherlands,Norway,Poland,Portugal,Romania,Slovakia,Slovenia,Spain,Sweden,Switzerland,UK,,,,,,,,,,,,,,
"total, million vehicle-km",,grey=tram 50% - metro 50%,,199.8,38.8,30.1,32.0,0.0,298.2,9.8,7.6,18.2,300.0,488.9,46.9,75.2,0.0,4.3,190.7,7.0,0.0,0.0,10.7,0.0,28.9,27.7,120.9,32.7,241.8,15.6,0.0,242.5,76.0,32.6,32.6,black numbers are confirmed,,,,,,,,,,,,,
,,,Estimate is based on the total track length and the annual volume of passengers,,,,,,,,,,,,,,,CSO Table 8.10,,,,,,,,,,,,,,,,,,,,,,,,,,,,,,,
,,,source:,"UK: Light rail and tram statistics, Table LRT0105, Vehicle kilometers on light rail and trams and undergrounds, 2020/21",,,,,,,,,,,,,,"Transport Trends Ireland 2020, 7",,,,,,,,,,,,,,,,,,,,,,,,,,,,,,,
,,,,,,,,,,,,,,,,,,Microsoft Word - 53dc-dc85-d56a-4841 (igees.gov.ie),,,,,,,,,,,,,,,,,,,,,,,,,,,,,,,
E5.8 CITY SHARES IN THE TOTAL NATIONAL TRAM TRANSPORT,,,,Austria,Belgium,Bulgaria,Croatia,Cyprus,Czechia,Denmark,Estonia,Finland,France,Germany,Greece,Hungary,Iceland,Ireland,Italy,Latvia,Liechtenstein,Lithuania,Luxembourg,Malta,Netherlands,Norway,Poland,Portugal,Romania,Slovakia,Slovenia,Spain,Sweden,Switzerland,UK,,,,,,,,,,,,,,
,,,,0.7,21.1,100,9.4,no trams,33.4,100,100,85.7,1.6,1.3,100,83.0,no trams,100,3.3,11.7,no trams,no trams,100,no trams,29.7,12.4,3.1,8.5,13.0,43.3,no trams,28.6,70.9,29.2,5.5,,,,,,,,,,,,,,
,,,,18.9,19.9,,90.6,,10.2,,,14.3,0.4,0.2,,2.3,,,3.2,3.2,,,,,27.7,82.1,1.6,30.3,2.2,50.3,,11.1,2.4,14.9,1.2,,,,,,,,,,,,,,
,,,,6.2,40.6,,,,8.9,,,,0.7,5.4,,6.0,,,2.0,85.1,,,,,38.7,5.5,1.6,44.2,6.1,6.4,,2.0,9.3,16.0,4.3,,,,,,,,,,,,,,
,,,,8.5,9.7,,,,6.5,,,,1.9,1.1,,8.6,,,2.1,,,,,,3.9,,5.5,8.8,38.6,,,5.8,17.4,3.5,9.2,,,,,,,,,,,,,,
,,,,56.0,8.8,,,,31.3,,,,8.9,0.4,,,,,1.7,,,,,,,,2.6,8.0,3.2,,,10.2,,3.9,37.1,,,,,,,,,,,,,,
,,,,9.6,,,,,9.7,,,,1.9,2.4,,,,,48.6,,,,,,,,0.9,,4.5,,,6.4,,32.5,12.9,,,,,,,,,,,,,,
,,,,,,,,,,,,,2.2,2.7,,,,,3.2,,,,,,,,18.8,,5.5,,,3.0,,,8.9,,,,,,,,,,,,,,
,,,,,,,,,,,,,1.9,0.8,,,,,2.8,,,,,,,,9.0,,9.5,,,5.5,,,5.2,,,,,,,,,,,,,,
,,,,,,,,,,,,,2.5,0.5,,,,,4.7,,,,,,,,1.5,,4.5,,,0.8,,,15.6,,,,,,,,,,,,,,
,,,,,,,,,,,,,4.0,1.1,,,,,10.4,,,,,,,,14.9,,2.8,,,1.8,,,,,,,,,,,,,,,,,
,,,,,,,,,,,,,1.7,3.3,,,,,1.1,,,,,,,,1.2,,10.1,,,16.5,,,,,,,,,,,,,,,,,
,,,,,,,,,,,,,2.1,0.9,,,,,15.5,,,,,,,,6.9,,,,,3.5,,,,,,,,,,,,,,,,,
,,,,,,,,,,,,,2.9,7.0,,,,,1.4,,,,,,,,0.6,,,,,4.7,,,,,,,,,,,,,,,,,
,,,,,,,,,,,,,7.1,0.6,,,,,,,,,,,,,6.3,,,,,,,,,,,,,,,,,,,,,,
,,,,,,,,,,,,,2.9,1.2,,,,,,,,,,,,,2.3,,,,,,,,,,,,,,,,,,,,,,
,,,,,,,,,,,,,1.5,0.4,,,,,,,,,,,,,14.3,,,,,,,,,,,,,,,,,,,,,,
,,,,,,,,,,,,,7.5,2.2,,,,,,,,,,,,,8.9,,,,,,,,,,,,,,,,,,,,,,
,,,,,,,,,,,,,2.2,3.8,,,,,,,,,,,,,,,,,,,,,,,,,,,,,,,,,,,
,,,,,,,,,,,,,1.5,1.3,,,,,,,,,,,,,,,,,,,,,,,,,,,,,,,,,,,
,,,,,,,,,,,,,5.6,2.0,,,,,,,,,,,,,,,,,,,,,,,,,,,,,,,,,,,
,,,,,,,,,,,,,2.3,2.2,,,,,,,,,,,,,,,,,,,,,,,,,,,,,,,,,,,
,,,,,,,,,,,,,3.9,1.3,,,,,,,,,,,,,,,,,,,,,,,,,,,,,,,,,,,
,,,,,,,,,,,,,14.1,0.6,,,,,,,,,,,,,,,,,,,,,,,,,,,,,,,,,,,
,,,,,,,,,,,,,1.5,1.5,,,,,,,,,,,,,,,,,,,,,,,,,,,,,,,,,,,
,,,,,,,,,,,,,2.0,1.9,,,,,,,,,,,,,,,,,,,,,,,,,,,,,,,,,,,
,,,,,,,,,,,,,1.6,1.9,,,,,,,,,,,,,,,,,,,,,,,,,,,,,,,,,,,
,,,,,,,,,,,,,7.4,0.6,,,,,,,,,,,,,,,,,,,,,,,,,,,,,,,,,,,
,,,,,,,,,,,,,1.5,0.8,,,,,,,,,,,,,,,,,,,,,,,,,,,,,,,,,,,
,,,,,,,,,,,,,2.0,0.6,,,,,,,,,,,,,,,,,,,,,,,,,,,,,,,,,,,
,,,,,,,,,,,,,2.5,0.3,,,,,,,,,,,,,,,,,,,,,,,,,,,,,,,,,,,
,,,,,,,,,,,,,,0.7,,,,,,,,,,,,,,,,,,,,,,,,,,,,,,,,,,,
,,,,,,,,,,,,,,0.3,,,,,,,,,,,,,,,,,,,,,,,,,,,,,,,,,,,
,,,,,,,,,,,,,,2.5,,,,,,,,,,,,,,,,,,,,,,,,,,,,,,,,,,,
,,,,,,,,,,,,,,1.2,,,,,,,,,,,,,,,,,,,,,,,,,,,,,,,,,,,
,,,,,,,,,,,,,,3.5,,,,,,,,,,,,,,,,,,,,,,,,,,,,,,,,,,,
,,,,,,,,,,,,,,0.7,,,,,,,,,,,,,,,,,,,,,,,,,,,,,,,,,,,
,,,,,,,,,,,,,,7.5,,,,,,,,,,,,,,,,,,,,,,,,,,,,,,,,,,,
,,,,,,,,,,,,,,2.1,,,,,,,,,,,,,,,,,,,,,,,,,,,,,,,,,,,
,,,,,,,,,,,,,,5.3,,,,,,,,,,,,,,,,,,,,,,,,,,,,,,,,,,,
,,,,,,,,,,,,,,2.7,,,,,,,,,,,,,,,,,,,,,,,,,,,,,,,,,,,
,,,,,,,,,,,,,,1.1,,,,,,,,,,,,,,,,,,,,,,,,,,,,,,,,,,,
,,,,,,,,,,,,,,4.3,,,,,,,,,,,,,,,,,,,,,,,,,,,,,,,,,,,
,,,,,,,,,,,,,,1.8,,,,,,,,,,,,,,,,,,,,,,,,,,,,,,,,,,,
,,,,,,,,,,,,,,1.2,,,,,,,,,,,,,,,,,,,,,,,,,,,,,,,,,,,
,,,,,,,,,,,,,,1.7,,,,,,,,,,,,,,,,,,,,,,,,,,,,,,,,,,,
,,,,,,,,,,,,,,0.9,,,,,,,,,,,,,,,,,,,,,,,,,,,,,,,,,,,
,,,,,,,,,,,,,,2.3,,,,,,,,,,,,,,,,,,,,,,,,,,,,,,,,,,,
,,,,,,,,,,,,,,0.1,,,,,,,,,,,,,,,,,,,,,,,,,,,,,,,,,,,
,,,,,,,,,,,,,,0.6,,,,,,,,,,,,,,,,,,,,,,,,,,,,,,,,,,,
,,,,,,,,,,,,,,0.9,,,,,,,,,,,,,,,,,,,,,,,,,,,,,,,,,,,
,,,,,,,,,,,,,,0.9,,,,,,,,,,,,,,,,,,,,,,,,,,,,,,,,,,,
,,,,,,,,,,,,,,0.8,,,,,,,,,,,,,,,,,,,,,,,,,,,,,,,,,,,
,,,,,,,,,,,,,,1.0,,,,,,,,,,,,,,,,,,,,,,,,,,,,,,,,,,,
,,,,,,,,,,,,,,1.0,,,,,,,,,,,,,,,,,,,,,,,,,,,,,,,,,,,
,,,,,,,,,,,,,,0.6,,,,,,,,,,,,,,,,,,,,,,,,,,,,,,,,,,,
,,,,,,,,,,,,,,0.2,,,,,,,,,,,,,,,,,,,,,,,,,,,,,,,,,,,
,,,,,,,,,,,,,,3.7,,,,,,,,,,,,,,,,,,,,,,,,,,,,,,,,,,,
,,,,,,,,,,,,,,0.3,,,,,,,,,,,,,,,,,,,,,,,,,,,,,,,,,,,
,,,,,,,,,,,,,,,,,,,,,,,,,,,,,,,,,,,,,,,,,,,,,,,,,
,,,,,,,,,,,,,,,,,,,,,,,,,,,,,,,,,,,,,,,,,,,,,,,,,
E6 PASSENGER TRANSPORT - PASSENGER TRAINS,,,,,,,,,,,,,,,,,,,,,,,,,,,,,,,,,,,,,,,,,,,,,,,,,
E6.1 SHARES OF TRAIN ENGINE TYPES AND THE AVERAGE EMISSION FACTOR,,,,,,,,,,,,,,,,,,,,,,,,,,,,,,,,,,,,,,,,,,,,,,,,,
TRAINS / PASSENGER TRANSPORT,kg/train-km,kgCO2e/kg,,,,,,,,,,,,,,,,,,,,,,,,,,,,,,,,,,,,,,,,,,,,,,,
"fuel type description, share (%)",kWh/train-km,kgCO2e/kWh,gCO2e/train-km,Austria,Belgium,Bulgaria,Croatia,Cyprus,Czechia,Denmark,Estonia,Finland,France,Germany,Greece,Hungary,Iceland,Ireland,Italy,Latvia,Liechtenstein,Lithuania,Luxembourg,Malta,Netherlands,Norway,Poland,Portugal,Romania,Slovakia,Slovenia,Spain,Sweden,Switzerland,UK,,,,,,,,,,,,,,
Diesel,0.95,2.79,2647.1,14.5,50.0,50.0,50.0,50.0,46.8,50.0,50.0,6.0,50.0,50.0,50.0,29.8,50.0,50.0,50.0,40.0,,75.3,50.0,50.0,50.0,50.0,14.9,14.9,50.0,39.1,34.4,50.0,50.0,50.0,50.0,,,,,,,,,,,,,,
Electric,12.64,according to country grid,,85.5,50.0,50.0,50.0,50.0,53.2,50.0,50.0,94.0,50.0,50.0,50.0,70.2,50.0,50.0,50.0,60.0,,24.7,50.0,50.0,50.0,50.0,85.1,85.1,50.0,60.9,65.6,50.0,50.0,50.0,50.0,,,,,,,,,,,,,,
average gCO2e/train-km 2019,,,,#REF!,#REF!,#REF!,#REF!,#REF!,#REF!,#REF!,#REF!,#REF!,#REF!,#REF!,#REF!,#REF!,#REF!,#REF!,#REF!,#REF!,,#REF!,#REF!,#REF!,#REF!,#REF!,#REF!,#REF!,#REF!,#REF!,#REF!,#REF!,#REF!,#REF!,#REF!,,,,,,,,,,,,,,
,,,"COLUMN B, year of data origin:",2020,,,,,,,,,,,,,,,,,,,,,,,,,,,,,,,,,,,,,,,,,,,,,
,,,source:,"Methodology for GHG Efficiency of Transport Modes. Final Report. Fraunhofer-Institute for Systems and Innovation Research ISI, p. 30. ",,,,,,,,,,,,,,,,,,,,,,,,,,,,,,,,,,,,,,,,,,,,,
,,,,,,,,,,,,,,,,,,,,,,,,,,,,,,,,,,,,,,,,,,,,,,,,,
"E6.2 TRAINS / PASSENGER TRANSPORT, FUTURE PROJECTION ON VOLUME",,,,,,,,,,,,,,,,,,,,,,,,,,,,,,,,,,,,,,,,,,,,,,,,,
"Rail, annual change (%)",,,EU-28,Austria,Belgium,Bulgaria,Croatia,Cyprus,Czechia,Denmark,Estonia,Finland,France,Germany,Greece,Hungary,Iceland,Ireland,Italy,Latvia,Liechtenstein,Lithuania,Luxembourg,Malta,Netherlands,Norway,Poland,Portugal,Romania,Slovakia,Slovenia,Spain,Sweden,Switzerland,UK,,,,,,,,,,,,,,
2000-10,,,1.0,1.9,3.1,-2.5,2.7,0.0,0.1,1.8,-1.3,1.4,2.1,1.1,-0.2,-1.8,1.0,2.7,-0.2,-1.2,,-4.8,0.4,0.0,0.5,1.0,-2.5,1.4,-3.3,-2.1,1.4,1.2,2.8,1.0,3.5,,,,,,,,,,,,,,
2010-20,,,1.7,2.1,1.1,1.6,1.3,0.0,2.5,1.6,3.0,1.4,1.5,1.3,0.9,2.0,1.7,0.9,1.4,1.7,,3.3,3.0,0.0,1.9,1.7,3.1,1.5,1.5,2.8,4.0,2.4,2.0,1.7,1.8,,,,,,,,,,,,,,
2020-30,,,1.6,1.4,1.7,1.6,0.6,0.0,1.6,1.9,2.4,1.1,1.4,1.2,1.4,2.1,1.6,0.8,1.4,2.6,,1.2,2.5,0.0,1.3,1.6,3.9,1.9,1.5,2.9,3.4,2.8,1.5,1.6,1.1,,,,,,,,,,,,,,
2030-40,,,1.2,0.8,1.7,0.9,0.6,0.0,1.0,0.9,1.2,0.9,1.5,1.2,1.3,1.6,1.2,0.6,0.9,1.4,,0.9,1.7,0.0,0.9,1.2,1.1,1.2,1.4,1.1,1.9,2.0,0.9,1.2,0.6,,,,,,,,,,,,,,
2040-50,,,1.2,0.8,1.7,0.9,0.6,0.0,1.0,0.9,1.2,0.9,1.5,1.2,1.3,1.6,1.2,0.6,0.9,1.4,,0.9,1.7,0.0,0.9,1.2,1.1,1.2,1.4,1.1,1.9,2.0,0.9,1.2,0.6,,,,,,,,,,,,,,
,,,year of data origin:,2015,,,,,,,,,,,,,EU-28,,,,,,,,,EU-28,,,,,,,,EU-28,,,,,,,,,,,,,,,
,,,source:,"EU Reference Scenario 2016. Energy, transport and GHG emissions. Trends to 2050. European Commission.",,,,,,,,,,,,,,,,,,,,,,,,,,,,,,,,,,,,,,,,,,,,,
,,,,,,,,,,,,,,,,,,,,,,,,,,,,,,,,,,,,,,,,,,,,,,,,,
E6.3 TRAIN OCCUPANCY,,,EU-28,Austria,Belgium,Bulgaria,Croatia,Cyprus,Czechia,Denmark,Estonia,Finland,France,Germany,Greece,Hungary,Iceland,Ireland,Italy,Latvia,Liechtenstein,Lithuania,Luxembourg,Malta,Netherlands,Norway,Poland,Portugal,Romania,Slovakia,Slovenia,Spain,Sweden,Switzerland,UK,,,,,,,,,,,,,,
Average occupancy 2018,,,179.9,179.9,179.9,179.9,179.9,179.9,179.9,179.9,179.9,179.9,179.9,179.9,179.9,179.9,179.9,179.9,179.9,179.9,179.9,179.9,179.9,179.9,179.9,179.9,179.9,179.9,179.9,179.9,179.9,179.9,179.9,179.9,179.9,,,,,,,,,,,,,,
,,,year of data origin:,2020,,,,,,,,,,,,,,,,,,,,,,,,,,,,,,,,,,,,,,,,,,,,,
,,,source:,"Methodology for GHG Efficiency of Transport Modes. Final Report. Fraunhofer-Institute for Systems and Innovation Research ISI, p. 28. ",,,,,,,,,,,,,,,,,,,,,,,,,,,,,,,,,,,,,,,,,,,,,
,,,,,,,,,,,,,,,,,,,,,,,,,,,,,,,,,,,,,,,,,,,,,,,,,
,,,,,,,,,,,,,,,,,,,,,,,,,,,,,,,,,,,,,,,,,,,,,,,,,
E7 VOLUMES OF FREIGHT TRANSPORT PER COUNTRY,,,,,,,,,,,,,,,,,,,,,,,,,,,,,,,,,,,,,,,,,,,,,,,,,
E7.1 VOLUME OF FREIGHT TRANSPORT,,EU-27 (2020-),EU-28 (2013-20),Austria,Belgium,Bulgaria,Croatia,Cyprus,Czechia,Denmark,Estonia,Finland,France,Germany,Greece,Hungary,Iceland,Ireland,Italy,Latvia,Liechtenstein,Lithuania,Luxembourg,Malta,Netherlands,Norway,Poland,Portugal,Romania,Slovakia,Slovenia,Spain,Sweden,Switzerland,UK,,,,,,,,,,,,,,
total freight transport in million vehicle-km,,,,"2,713","2,807","1,634","1,128",146,,"1,475",357,"2,004","17,169","30,110","2,526","3,281",n/a,"2,004",n/a,"1,237",,"3,845",590,n/a,"7,255",n/a,"29,436","2,611","4,202","4,167","1,842",n/a,"3,121",n/a,"19,829",,,,,,,,,,,,,,
,,,data source if missing from the actual dataset:,,,,,,,,,,,,,,,Finland,,,,,,,,,,,,,,,,,,,,,,,,,,,,,,,
,,,year of data origin:,2019,,,,,,,,,,,,,,,,,,,,,,,,,,,,,,,,,,,,,,,,,,,,,
,,,source:,"Eurostat, Freight transport vehicle-km",,,,,,,,,,,,,,,,,,,,,,,,,,,,,,,,,,,,,,,,,,,,,
,,,,,,,,,,,,,,,,,,,,,,,,,,,,,,,,,,,,,,,,,,,,,,,,,
E7.2 MODAL SHARE / FREIGHT TRANSPORT (%),,,,Austria,Belgium,Bulgaria,Croatia,Cyprus,Czechia,Denmark,Estonia,Finland,France,Germany,Greece,Hungary,Iceland,Ireland,Italy,Latvia,Liechtenstein,Lithuania,Luxembourg,Malta,Netherlands,Norway,Poland,Portugal,Romania,Slovakia,Slovenia,Spain,Sweden,Switzerland,UK,,,,,,,,,,,,,,
Railways,,17.6,17.0,30.8,12.0,21.1,22.8,0,26.2,11.5,42.0,26.9,9.7,18.7,2.5,26.3,n/a,0.6,11.9,73.6,,67.4,6.9,0,6.3,14.6,24.0,13.0,26.8,31.0,35.5,4.8,30.6,34.3,9.1,,,,,,,,,,,,,,
Roads,,76.3,77.4,66.7,76.6,47.1,70.7,100.0,73.8,88.5,58.0,72.8,87.9,73.4,97.5,68.5,n/a,99.4,88.1,26.4,,32.6,85.0,100.0,50.9,85.4,76.0,87.0,45.0,65.5,64.5,95.2,69.3,65.6,90.8,,,,,,,,,,,,,,
Inland waterways,,6.1,5.6,2.4,11.4,31.8,6.5,0,0.1,0,0,0.3,2.4,8.0,0,5.2,n/a,0,0.0,0,,0.0,8.2,0,42.7,0,0.0,0,28.1,3.6,0,0,0.1,0.1,0.1,,,,,,,,,,,,,,
,,,year of data origin:,2019,,,,,,,,,,,,,,,,,,,,,,,,,,,,,,,,,,,,,,,,,,,,,
,,,source:,"Eurostat, Modal split of freight transport 2019",,,,,,,,,,,,,,,,,,,,,,,,,,,,,,,,,,,,,,,,,,,,,
,,,,,,,,,,,,,,,,,,,,,,,,,,,,,,,,,,,,,,,,,,,,,,,,,
,,,,,,,,,,,,,,,,,,,,,,,,,,,,,,,,,,,,,,,,,,,,,,,,,
E8 RAIL FREIGHT TRANSPORT,,,,,,,,,,,,,,,,,,,,,,,,,,,,,,,,,,,,,,,,,,,,,,,,,
,,,,,,,,,,,,,,,,,,,,,,,,,,,,,,,,,,,,,,,,,,,,,,,,,
E8.1 RAIL TRANSPORT VOLUME,,,,Austria,Belgium,Bulgaria,Croatia,Cyprus,Czechia,Denmark,Estonia,Finland,France,Germany,Greece,Hungary,Iceland,Ireland,Italy,Latvia,Liechtenstein,Lithuania,Luxembourg,Malta,Netherlands,Norway,Poland,Portugal,Romania,Slovakia,Slovenia,Spain,Sweden,Switzerland,UK,,,,,,,,,,,,,,
vehicle-km per capita,,,2021,96,31,52,65,0,0,30,117,100,26,70,6,93,0,2,,503,,963,67,0,27,,195,34,62,248,334,,95,,27,,,,,,,,,,,,,,
,,,data source if missing from the actual dataset:,,,,,,,,,,,,,,,,,,,,,,,,,,,,,,,,,,,,,,,,,,,,,,
,,,year of data origin:,2019,,,,,,,,,,,,,,,,,,,,,,,,,,,,,,,,,,,,,,,,,,,,,
,,,source:,"Eurostat, Freight transport vehicle-km",,,,,,,,,,,,,,,,,,,,,,,,,,,,,,,,,,,,,,,,,,,,,
,,,projection from 2018 to 2021 according to:,,,,,,,,,,,,,,,,,,,,,,,,,,,,,,,,,,,,,,,,,,,,,,
,,,year of data origin:,2015,,,,,,,,,,,,,,,,,,,,,,,,,,,,,,,,,,,,,,,,,,,,,
,,,source:,"EU Reference Scenario 2016. Energy, transport and GHG emissions. Trends to 2050. European Commission, pp. 143-201.",,,,,,,,,,,,,,,,,,,,,,,,,,,,,,,,,,,,,,,,,,,,,
,,,,,,,,,,,,,,,,,,,,,,,,,,,,,,,,,,,,,,,,,,,,,,,,,
"E8.2 RAIL FREIGHT TRANSPORT, FUTURE PROJECTION ON VOLUME",,,,,,,,,,,,,,,,,,,,,,,,,,,,,,,,,,,,,,,,,,,,,,,,,
"Rail, change (%)",,,EU-28,Austria,Belgium,Bulgaria,Croatia,Cyprus,Czechia,Denmark,Estonia,Finland,France,Germany,Greece,Hungary,Iceland,Ireland,Italy,Latvia,Liechtenstein,Lithuania,Luxembourg,Malta,Netherlands,Norway,Poland,Portugal,Romania,Slovakia,Slovenia,Spain,Sweden,Switzerland,UK,,,,,,,,,,,,,,
2010-20,,,2.0,0.9,2.1,1.9,1.4,0.0,2.1,1.6,1.8,1.4,3.5,1.6,0.8,2.0,0.0,1.2,1.7,2.2,,2.5,1.9,0.0,1.5,2.0,2.2,1.5,3.9,1.8,3.6,2.3,1.7,2.0,2.1,,,,,,,,,,,,,,
2020-30,,,1.9,1.4,3.2,2.2,1.2,0.0,1.8,1.6,2.2,1.5,3.1,1.1,0.9,2.4,0.0,1.4,1.2,2.3,,1.3,3.2,0.0,1.5,1.9,2.4,2.1,2.4,2.8,3.9,2.3,1.9,1.9,1.1,,,,,,,,,,,,,,
2030-40,,,1.1,1.1,1.7,1.5,0.6,0.0,1.1,1.3,1.3,1.4,1.6,0.8,0.8,1.4,0.0,1.1,0.7,1.2,,1.3,2.7,0.0,0.8,1.1,0.9,0.9,1.7,1.0,1.8,0.8,1.3,1.1,0.7,,,,,,,,,,,,,,
2040-50,,,1.1,1.1,1.7,1.5,0.6,0.0,1.1,1.3,1.3,1.4,1.6,0.8,0.8,1.4,0.0,1.1,0.7,1.2,,1.3,2.7,0.0,0.8,1.1,0.9,0.9,1.7,1.0,1.8,0.8,1.3,1.1,0.7,,,,,,,,,,,,,,
,,,year of data origin:,2015,,,,,,,,,,,,,no railways,,,,,,,,,EU-28,,,,,,,,EU-28,,,,,,,,,,,,,,,
,,,source:,"EU Reference Scenario 2016. Energy, transport and GHG emissions. Trends to 2050. European Commission.",,,,,,,,,,,,,,,,,,,,,,,,,,,,,,,,,,,,,,,,,,,,,
,,,,,,,,,,,,,,,,,,,,,,,,,,,,,,,,,,,,,,,,,,,,,,,,,
E8.3 SHARE OF LOCOMOTIVES BY SOURCE OF POWER,,,,,,,,,,,,,,,,,,,,,,,,,,,,,,,,,,,,,,,,,,,,,,,,,
,kWh/tr-km,kgCO2e/kWh,gCO2e/train-km,Austria,Belgium,Bulgaria,Croatia,Cyprus,Czechia,Denmark,Estonia,Finland,France,Germany,Greece,Hungary,Iceland,Ireland,Italy,Latvia,Liechtenstein,Lithuania,Luxembourg,Malta,Netherlands,Norway,Poland,Portugal,Romania,Slovakia,Slovenia,Spain,Sweden,Switzerland,UK,,,,,,,,,,,,,,
Diesel,4.02,2.79,11201.3,14.5,50.0,50.0,50.0,50.0,46.8,50.0,50.0,6.0,50.0,50.0,50.0,29.8,50.0,50.0,50.0,40.0,,75.3,50.0,50.0,50.0,50.0,14.9,14.9,50.0,39.1,34.4,50.0,50.0,50.0,50.0,,,,,,,,,,,,,,
Electricity,11.11,according to country grid,,85.5,50.0,50.0,50.0,50.0,53.2,50.0,50.0,94.0,50.0,50.0,50.0,70.2,50.0,50.0,50.0,60.0,,24.7,50.0,50.0,50.0,50.0,85.1,85.1,50.0,60.9,65.6,50.0,50.0,50.0,50.0,,,,,,,,,,,,,,
average CO2e emission factor,gCO2e/train-km,,,4125.0,6734.2,8715.0,7685.7,9402.6,8684.8,6256.8,9549.6,1717.4,6088.6,7766.1,8612.9,5568.3,5600.7,7623.2,7316.9,13528.4,0.0,8804.6,6737.3,8064.0,7868.1,5600.7,9183.1,4248.8,7623.9,6737.3,5508.9,6840.7,5760.6,5600.7,7042.8,,,,,,,,,,,,,,
,,,,,,,,no railways,,,,,,,,,no railways,,,,,,,no railways,,,,,,,,,,,,,,,,,,,,,,,,,
,,,year of data origin:,2020,,,,,,,,,,,,,,,,,,,,,,,,,,,,,,,,,,,,,,,,,,,,,
,,,source:,"Methodology for GHG Efficiency of Transport Modes. Final Report. Fraunhofer-Institute for Systems and Innovation Research ISI, p. 30. ",,,,,,,,,,,,,,,,,,,,,,,,,,,,,,,,,,,,,,,,,,,,,
,,,,,,,,,,,,,,,,,,,,,,,,,,,,,,,,,,,,,,,,,,,,,,,,,
,,,,Eurostat,,,,,,,,,,,,,,,,,,,,,,,,,,,,,,,,,,,,,,,,,,,,,
,,,,,,,,,,,,,,,,,,,,,,,,,,,,,,,,,,,,,,,,,,,,,,,,,
,,,,,,,,,,,,,,,,,,,,,,,,,,,,,,,,,,,,,,,,,,,,,,,,,
,,,,,,,,,,,,,,,,,,,,,,,,,,,,,,,,,,,,,,,,,,,,,,,,,
,,,,,,,,,,,,,,,,,,,,,,,,,,,,,,,,,,,,,,,,,,,,,,,,,
,,,,,,,,,,,,,,,,,,,,,,,,,,,,,,,,,,,,,,,,,,,,,,,,,
,,,,,,,,,,,,,,,,,,,,,,,,,,,,,,,,,,,,,,,,,,,,,,,,,
,,,,,,,,,,,,,,,,,,,,,,,,,,,,,,,,,,,,,,,,,,,,,,,,,
,,,,,,,,,,,,,,,,,,,,,,,,,,,,,,,,,,,,,,,,,,,,,,,,,
E9 FREIGHT TRANSPORT - ROAD,,,,,,,,,,,,,,,,,,,,,,,,,,,,,,,,,,,,,,,,,,,,,,,,,
,,,,,,,,,,,,,,,,,,,,,,,,,,,,,,,,,,,,,,,,,,,,,,,,,
E9.1 ROAD TRANSPORT VOLUME,,,,Austria,Belgium,Bulgaria,Croatia,Cyprus,Czechia,Denmark,Estonia,Finland,France,Germany,Greece,Hungary,Iceland,Ireland,Italy,Latvia,Liechtenstein,Lithuania,Luxembourg,Malta,Netherlands,Norway,Poland,Portugal,Romania,Slovakia,Slovenia,Spain,Sweden,Switzerland,UK,,,,,,,,,,,,,,
vehicle-km per capita,,,2021,208,192,115,204,166,,232,163,269,233,273,233,236,,418,,179,,464,836,,216,,625,226,105,518,594,,213,,270,,,,,,,,,,,,,,
,,,data source if missing from the actual dataset:,,,,,,,,,,,,,,,,,,,,,,,,,,,,,,,,,,,,,,,,,,,,,,
,,,year of data origin:,2019,,,,,,,,,,,,,,,,,,,,,,,,,,,,,,,,,,,,,,,,,,,,,
,,,source:,"Eurostat, Freight transport vehicle-km",,,,,,,,,,,,,,,,,,,,,,,,,,,,,,,,,,,,,,,,,,,,,
,,,projection from 2018 to 2021 according to:,,,,,,,,,,,,,,,,,,,,,,,,,,,,,,,,,,,,,,,,,,,,,,
,,,year of data origin:,2015,,,,,,,,,,,,,,,,,,,,,,,,,,,,,,,,,,,,,,,,,,,,,
,,,source:,"EU Reference Scenario 2016. Energy, transport and GHG emissions. Trends to 2050. European Commission, pp. 143-201.",,,,,,,,,,,,,,,,,,,,,,,,,,,,,,,,,,,,,,,,,,,,,
,,,,,,,,,,,,,,,,,,,,,,,,,,,,,,,,,,,,,,,,,,,,,,,,,
"E9.2 ROAD FREIGHT TRANSPORT, FUTURE PROJECTION ON VOLUME",,,,,,,,,,,,,,,,,,,,,,,,,,,,,,,,,,,,,,,,,,,,,,,,,
"Heavy goods and light commercial vehicles, change (%)",,,EU-28,Austria,Belgium,Bulgaria,Croatia,Cyprus,Czechia,Denmark,Estonia,Finland,France,Germany,Greece,Hungary,Iceland,Ireland,Italy,Latvia,Liechtenstein,Lithuania,Luxembourg,Malta,Netherlands,Norway,Poland,Portugal,Romania,Slovakia,Slovenia,Spain,Sweden,Switzerland,UK,,,,,,,,,,,,,,
2000-10,,,1.3,2.3,-1.7,7.0,12.1,-1.6,1.7,0.2,1.9,-0.5,-0.5,2.1,0.8,2.7,1.3,-0.5,0.5,5.8,,9.1,2.8,0.3,1.2,1.3,7.4,-0.4,7.2,6.0,7.9,3.2,0.4,1.3,-1.1,,,,,,,,,,,,,,
2010-20,,,1.5,1.5,1.6,2.0,1.5,0.7,1.1,2.5,3.1,0.8,1.9,1.4,0.5,0.8,1.5,2.4,0.7,2.2,,2.8,4.1,1.3,1.3,1.5,3.3,0.9,4.4,1.9,3.1,0.8,1.1,1.5,1.7,,,,,,,,,,,,,,
2020-30,,,1.5,1.3,1.8,1.3,1.7,1.3,1.4,1.3,1.3,1.3,2.1,1.3,0.7,1.5,1.5,2.5,1.1,1.8,,0.6,1.6,1.6,1.0,1.5,2.3,1.4,2.5,1.7,2.2,1.3,1.2,1.5,0.9,,,,,,,,,,,,,,
2030-40,,,0.7,0.8,0.9,0.9,1.0,0.8,1.2,1.0,0.9,0.7,0.8,0.4,0.5,0.9,0.7,1.3,0.7,1.1,,0.7,1.4,1.5,0.5,0.7,1.1,0.7,1.3,0.6,1.2,0.9,0.7,0.7,0.8,,,,,,,,,,,,,,
2040-50,,,0.7,0.8,0.9,0.9,1.0,0.8,1.2,1.0,0.9,0.7,0.8,0.4,0.5,0.9,0.7,1.3,0.7,1.1,,0.7,1.4,1.5,0.5,0.7,1.1,0.7,1.3,0.6,1.2,0.9,0.7,0.7,0.8,,,,,,,,,,,,,,
,,,data source if missing from the actual dataset:,,,,,,,,,,,,,,EU-28,,,,,,,,,EU-28,,,,,,,,EU-28,,,,,,,,,,,,,,,
,,,year of data origin:,2015,,,,,,,,,,,,,,,,,,,,,,,,,,,,,,,,,,,,,,,,,,,,,
,,,source:,"EU Reference Scenario 2016. Energy, transport and GHG emissions. Trends to 2050. European Commission.",,,,,,,,,,,,,,,,,,,,,,,,,,,,,,,,,,,,,,,,,,,,,
,,,,,,,,,,,,,,,,,,,,,,,,,,,,,,,,,,,,,,,,,,,,,,,,,
E9.3 NUMBER OF LGVs and HGVs,,,2019,Austria,Belgium,Bulgaria,Croatia,Cyprus,Czechia,Denmark,Estonia,Finland,France,Germany,Greece,Hungary,Iceland,Ireland,Italy,Latvia,Liechtenstein,Lithuania,Luxembourg,Malta,Netherlands,Norway,Poland,Portugal,Romania,Slovakia,Slovenia,Spain,Sweden,Switzerland,UK,,,,,,,,,,,,,,
LGV,,,,440582,798942,,145750,,587186,379996,91266,330671,6029070,2795315,906798,470454,,395379,4172981,52970,,50628,38547,,1021225,521949,2733004,1135000,811286,263913,88361,3786536,585091,391490,4527724,,,,,,,,,,,,,,
HGV,,,,73336,147756,,47300,,186881,42586,39848,95141,601040,1010742,226913,96109,,48311,946393,27852,,67111,12300,,170640,86413,1150493,132500,296489,81083,37285,607020,84153,59634,607998,,,,,,,,,,,,,,
total,,,total,513918,946698,0,193050,0,774067,422582,131114,425812,6630110,3806057,1133711,566563,0,443690,5119374,80822,0,117739,50847,0,1191865,608362,3883497,1267500,1107775,344996,125646,4393556,669244,451124,5135722,,,,,,,,,,,,,,
,,,data source if missing from the actual dataset:,,,,,,,,,,,,,,,,,,,,,,,,,,,,,,,,,,,,,,,,,,,,,,
,,,year of data origin:,2021,,,,,,,,,,,,,,,,,,,,,,,,,,,,,,,,,,,,,,,,,,,,,
,,,source: ,Vehicles in use Europe. ACEA report. January 2021. European Automobile Manufacturers Association.,,,,,,,,,,,,,,,,,,,,,,,,,,,,,,,,,,,,,,,,,,,,,
,,,LGV,"Vehicles in use: European Union, EFTA, Europe. Light commercial vehicles",,,,,,,,,,,,,,,,,,,,,,,,,,,,,,,,,,,,,,,,,,,,,
,,,HGV,"Vehicles in use: European Union, EFTA, Europe. Medium and heavy commercial vehicles",,,,,,,,,,,,,,,,,,,,,,,,,,,,,,,,,,,,,,,,,,,,,
,,,,,,,,,,,,,,,,,,,,,,,,,,,,,,,,,,,,,,,,,,,,,,,,,
E9.3 HGV EMISSION FACTOR PER ENGINE TYPE  (gCO2/km),,,,,,,,,,,,,,,,,,,,,,,,,,,,,,,,,,,,,,,,,,,,,,,,,
LORRIES / FREIGHT TRANSPORT,,,,share (%),,,,,,,,,,,,,,,,,,,,,,,,,,,,,,,,,,,,,,,,,,,,,
fuel type description,AVERAGE,RURAL,URBAN,Austria,Belgium,Bulgaria,Croatia,Cyprus,Czechia,Denmark,Estonia,Finland,France,Germany,Greece,Hungary,Iceland,Ireland,Italy,Latvia,Liechtenstein,Lithuania,Luxembourg,Malta,Netherlands,Norway,Poland,Portugal,Romania,Slovakia,Slovenia,Spain,Sweden,Switzerland,UK,,,,,,,,,,,,,,
Scope 1,kgCO2e/vkm,kgCO2e/vkm,kgCO2e/vkm,,,,,,,,,,,,,,,,,,,,,,,,,,,,,,,,,,,,,,,,,,,,,,
Petroleum products,0.400,0.370,0.580,2.46,,,1.69,2.48,,10.28,7.75,2.76,0.82,,,1.94,,0.01,2.70,1.62,10.48,,3.54,1.58,1.59,2.50,11.11,0.58,7.03,,,5.17,4.00,15.20,1.63,,,,,,,,,,,,,,
Liquefied petroleum gases (LPG),0.400,0.370,0.580,0.00,,,,0.00,,,0.00,0.00,0.00,,,0.00,,,0.69,0.38,0.00,,0.28,0.01,0.97,0.00,3.12,0.03,0.00,,,0.12,0.00,0.00,,,,,,,,,,,,,,,
Diesel,0.400,0.370,0.580,47.12,,,48.06,47.51,,89.72,42.15,47.16,48.75,,,47.93,,49.91,45.90,47.71,39.16,,95.55,48.31,47.09,46.74,34.32,49.36,42.95,,,44.61,45.20,83.28,48.20,,,,,,,,,,,,,,
Natural Gas,0.400,0.370,0.580,,,,,,,,,,,,,,,,,,,,,,,,,0.00,,,,,,,,,,,,,,,,,,,,,
Hybrid electric-petrol and plug-in hybrid petrol-electric  ,0.400,0.370,0.580,,,,,,,,,,,,,,,,,,,,,,,,,,,,,,,,,,,,,,,,,,,,,,
Alternative Energy,0.400,0.370,0.580,0.48,,,0.47,0.02,,,0.19,0.13,0.52,,,0.21,,0.08,2.05,0.95,0.49,,,0.12,1.42,0.78,6.00,0.07,0.03,,,0.23,1.25,1.11,0.17,,,,,,,,,,,,,,
Petrol (excluding hybrids)  ,0.400,0.370,0.580,2.46,,,1.69,2.47,,,7.75,2.75,0.82,,,1.94,,0.01,2.69,1.62,10.45,,,1.58,1.59,2.50,11.11,0.58,7.03,,,5.13,4.00,0.00,1.62,,,,,,,,,,,,,,
Hybrid electric-petrol,0.400,0.370,0.580,,,,,,,,,,,,,,,,,,,,,,,,,,,,,,,,,,,,,,,,,,,,,,
Diesel (excluding hybrids)  ,0.400,0.370,0.580,47.12,,,48.06,47.51,,,42.15,47.15,48.74,,,47.93,,49.91,45.89,47.71,39.16,,,48.31,47.09,46.74,34.32,49.36,42.95,,,44.57,45.20,0.00,48.20,,,,,,,,,,,,,,
Hybrid electric-diesel and plug-in hybrid diesel-electric  ,,,,,,,,,,,,,,,,,,,,,,,,,,,,,,,,,,,,,,,,,,,,,,,,,
Hybrid diesel-electric,0.400,0.370,0.580,0.00,,,,0.00,,,0.00,0.00,0.00,,,0.00,,,,0.00,0.00,,,0.00,0.00,0.00,0.00,0.00,0.00,,,0.04,0.00,0.00,0.00,,,,,,,,,,,,,,
Bioethanol,0.400,0.370,0.580,,,,,0.00,,,,0.00,0.00,,,0.00,,,,0.00,0.00,,,0.00,0.00,0.00,0.00,0.00,,,,0.00,0.00,0.00,,,,,,,,,,,,,,,
Biodiesel,0.400,0.370,0.580,,,,,0.00,,,,,,,,0.00,,,,0.00,0.00,,,0.00,0.00,0.00,0.00,0.00,,,,0.00,0.00,0.00,,,,,,,,,,,,,,,
Compressed natural gas (CNG)  ,0.400,0.370,0.580,0.11,,,,,,,,,,,,,,,,,,,,,,,,,,,,,,,0.07,,,,,,,,,,,,,,
Scope 2,kWh/km,kWh/km,kWh/km,,,,,,,,,,,,,,,,,,,,,,,,,,,,,,,,,,,,,,,,,,,,,,
Hybrid electric-petrol and plug-in hybrid petrol-electric  ,0.500,0.480,0.450,,,,,,,,,,,,,,,,,,,,,,,,,,,,,,,,,,,,,,,,,,,,,,
Hybrid electric-diesel and plug-in hybrid diesel-electric  ,0.500,0.480,0.450,0.00,,,,,,,,,,,,,,,,,,,,,,,,,,,,,,,0.00,,,,,,,,,,,,,,
Electricity,0.500,0.480,0.450,0.25,,,0.05,0.00,,,0.01,0.04,0.34,,,0.05,,0.07,0.07,0.01,0.22,,0.63,0.09,0.23,0.73,0.01,0.04,0.01,,,0.08,0.34,0.41,0.09,,,,,,,,,,,,,,
average gCO2e/km,,,,,,,,,,,,,,,,,,,,,,,,,,,,,,,,,,,,,,,,,,,,,,,,,
,,,year of data origin:,2012,,,,,,,,,,,,,,,,,,,,,,,,,,,,,,,,,,,,,,,,,,,,,
,,,source:,"column B, Emission factors: EN16258 table A.1-Tranport fuels. Hybrid and EV added.",,,,,,,,,,,,,,,,,,,,,,,,,,,,,,,,,,,,,,,,,,,,,
,,,year of data origin:,,,,,,,,,,,,,,,,,,,,,,,,,,,,,,,,,,,,,,,,,,,,,,
,,,,"column C, Consumption of fuel (l/km): Greenhouse gas emissions indicator, https://ec.europa.eu/transport/themes/greenhouse-gas-emissions-indicator_en",,,,,,,,,,,,,,,,,,,,,,,,,,,,,,,,,,,,,,,,,,,,,
,,,year of data origin:,2021,,,,,,,,,,,,,,,,,,,,,,,,,,,,,,,,,,,,,,,,,,,,,
,,,,"national data: Eurostat, Lorries, by type of motor energy [ROAD_EQS_LORMOT__custom_1478458]",,,,,,,,,,,,,,,,,,,,,,,,,,,,,,,,,,,,,,,,,,,,,
,,,year of data origin:,2021,,,,,,,,,,,,,,,,,,,,,,,,,,,,,,,,,,,,,,,,,,,,,
,,,,"Slovakia and Greece: ACEA report: Vehicles in use Europe, January 2021. European Automobile Manufacturers Association (ACEA) 2021.",,,,,,,,,,,,,,,,,,,,,,,,,,,,,,,,,,,,,,,,,,,,,
,,,,,,,,,,,,,,,,,,,,,,,,,,,,,,,,,,,,,,,,,,,,,,,,,
,,,,,,,,,,,,,,,,,,,,,,,,,,,,,,,,,,,,,,,,,,,,,,,,,
,,,,,,,,,,,,,,,,,,,,,,,,,,,,,,,,,,,,,,,,,,,,,,,,,
,,,,,,,,,,,,,,,,,,,,,,,,,,,,,,,,,,,,,,,,,,,,,,,,,
,,,,,,,,,,,,,,,,,,,,,,,,,,,,,,,,,,,,,,,,,,,,,,,,,
,,,,,,,,,,,,,,,,,,,,,,,,,,,,,,,,,,,,,,,,,,,,,,,,,
,,,,,,,,,,,,,,,,,,,,,,,,,,,,,,,,,,,,,,,,,,,,,,,,,
,,,,,,,,,,,,,,,,,,,,,,,,,,,,,,,,,,,,,,,,,,,,,,,,,
,,,,,,,,,,,,,,,,,,,,,,,,,,,,,,,,,,,,,,,,,,,,,,,,,
,,,,,,,,,,,,,,,,,,,,,,,,,,,,,,,,,,,,,,,,,,,,,,,,,
,,,,,,,,,,,,,,,,,,,,,,,,,,,,,,,,,,,,,,,,,,,,,,,,,
,,,,,,,,,,,,,,,,,,,,,,,,,,,,,,,,,,,,,,,,,,,,,,,,,
E10 FREIGHT TRANSPORT - INLAND WATER TRANSPORT,,,,,,,,,,,,,,,,,,,,,,,,,,,,,,,,,,,,,,,,,,,,,,,,,
,,,,,,,,,,,,,,,,,,,,,,,,,,,,,,,,,,,,,,,,,,,,,,,,,
E10.1 INLAND WATERWAYS TRANSPORT VOLUME,,,,Austria,Belgium,Bulgaria,Croatia,Cyprus,Czechia,Denmark,Estonia,Finland,France,Germany,Greece,Hungary,Iceland,Ireland,Italy,Latvia,Liechtenstein,Lithuania,Luxembourg,Malta,Netherlands,Norway,Poland,Portugal,Romania,Slovakia,Slovenia,Spain,Sweden,Switzerland,UK,,,,,,,,,,,,,,
vehicle-km per capita,,,2021,67,329,535,75,0,0,0,0,6,424,2479,0,176,,0,,0,0,0,50,,3189,,0,0,1215,154,0,,3,,20,,,,,,,,,,,,,,
,,,data source if missing from the actual dataset:,,,,,,,,,,,,,,,,,,,,,,,,,,,,,,,,,,,,,,,,,,,,,,
,,,year of data origin:,2019,,,,,,,,,,,,,,,,,,,,,,,,,,,,,,,,,,,,,,,,,,,,,
,,,source:,"Eurostat, Freight transport vehicle-km",,,,,,,,,,,,,,,,,,,,,,,,,,,,,,,,,,,,,,,,,,,,,
,,,projection from 2018 to 2021 according to:,,,,,,,,,,,,,,,,,,,,,,,,,,,,,,,,,,,,,,,,,,,,,,
,,,year of data origin:,2015,,,,,,,,,,,,,,,,,,,,,,,,,,,,,,,,,,,,,,,,,,,,,
,,,source:,"EU Reference Scenario 2016. Energy, transport and GHG emissions. Trends to 2050. European Commission, pp. 143-201.",,,,,,,,,,,,,,,,,,,,,,,,,,,,,,,,,,,,,,,,,,,,,
,,,,,,,,,,,,,,,,,,,,,,,,,,,,,,,,,,,,,,,,,,,,,,,,,
"E10.2 INLAND WATERWAYS / FREIGHT TRANSPORT, FUTURE PROJECTION ON VOLUME",,,,,,,,,,,,,,,,,,,,,,,,,,,,,,,,,,,,,,,,,,,,,,,,,
"Inland navigation, change (%)",,,EU-28,Austria,Belgium,Bulgaria,Croatia,Cyprus,Czechia,Denmark,Estonia,Finland,France,Germany,Greece,Hungary,Iceland,Ireland,Italy,Latvia,Liechtenstein,Lithuania,Luxembourg,Malta,Netherlands,Norway,Poland,Portugal,Romania,Slovakia,Slovenia,Spain,Sweden,Switzerland,UK,,,,,,,,,,,,,,
2000-10,,,1.7,-0.3,2.2,34.4,30.9,0.0,-7.0,3.6,-6.9,3.0,4.4,-0.7,-3.6,10.4,1.7,-2.5,2.4,179.2,,0.4,-0.5,0.0,1.2,1.7,-16.7,4.6,18.4,-1.5,0.0,-1.1,5.6,1.7,-0.9,,,,,,,,,,,,,,
2010-20,,,1.0,0.8,2.9,2.0,1.4,0.0,1.1,1.0,1.0,0.8,0.8,1.1,0.5,0.9,1.0,1.4,0.5,1.5,,1.7,0.9,0.0,1.3,1.0,2.7,0.6,2.1,1.1,0.0,0.6,0.4,1.0,0.5,,,,,,,,,,,,,,
2020-30,,,1.0,1.0,1.6,1.8,0.9,0.0,1.7,0.9,1.2,0.9,1.1,0.7,0.7,1.7,1.0,1.6,0.9,1.5,,0.6,1.6,0.0,1.0,1.0,2.8,1.0,1.7,1.4,0.0,1.2,1.7,1.0,0.7,,,,,,,,,,,,,,
2030-40,,,0.7,0.9,1.4,1.1,1.5,0.0,1.3,0.9,0.9,1.1,0.4,0.5,1.2,1.0,0.7,1.2,0.7,1.0,,0.9,1.3,0.0,0.5,0.7,1.4,0.5,1.2,0.5,0.0,0.7,1.4,0.7,0.4,,,,,,,,,,,,,,
2040-50,,,0.7,0.9,1.4,1.1,1.5,0.0,1.3,0.9,0.9,1.1,0.4,0.5,1.2,1.0,0.7,1.2,0.7,1.0,,0.9,1.3,0.0,0.5,0.7,1.4,0.5,1.2,0.5,0.0,0.7,1.4,0.7,0.4,,,,,,,,,,,,,,
,,,year of data origin:,2015,,,,,,,,,,,,,EU-28,,,,,,,,,EU-28,,,,,,,,EU-28,,,,,,,,,,,,,,,
,,,source:,"EU Reference Scenario 2016. Energy, transport and GHG emissions. Trends to 2050. European Commission.",,,,,,,,,,,,,,,,,,,,,,,,,,,,,,,,,,,,,,,,,,,,,
,,,,,,,,,,,,,,,,,,,,,,,,,,,,,,,,,,,,,,,,,,,,,,,,,
E10.3 EMISSION FACTOR PER ENGINE TYPE  (gCO2/km),,,,,,,,,,,,,,,,,,,,,,,,,,,,,,,,,,,,,,,,,,,,,,,,,
INLAND WATERWAYS / FREIGHT TRANSPORT,,,,,,,,,,,,,,,,,,,,,,,,,,,,,,,,,,,,,,,,,,,,,,,,,
"fuel type description, share (%)",kgCO2e/l,l/km,kgCO2e/km,Austria,Belgium,Bulgaria,Croatia,Cyprus,Czechia,Denmark,Estonia,Finland,France,Germany,Greece,Hungary,Iceland,Ireland,Italy,Latvia,Liechtenstein,Lithuania,Luxembourg,Malta,Netherlands,Norway,Poland,Portugal,Romania,Slovakia,Slovenia,Spain,Sweden,Switzerland,UK,,,,,,,,,,,,,,
Petroleum products,2.88,0.085,244.8,0.7,0.7,n/a,0.2,0.2,7.8,2.8,4.2,0.2,0.0,0.1,,0.4,n/a,0.1,0.5,0.5,,0.4,0.1,0.6,1.3,1.3,4.0,0.1,0.2,0.4,0.1,0.8,0.3,1.0,2.5,,,,,,,,,,,,,,
Liquefied Petroleum Gas (LPG),1.9,0.112,212.8,,,n/a,0.0,0.0,,0.0,0.0,0.0,0.0,0.0,,0.0,n/a,,0.3,0.0,,1.0,,0.0,0.0,0.0,0.8,0.0,0.1,,0.0,0.2,0.0,0.0,,,,,,,,,,,,,,,
Diesel,3.24,0.063,204.12,99.2,99.2,n/a,99.6,99.8,84.7,97.1,92.4,99.3,100.0,98.5,96.1,98.3,n/a,99.9,94.5,99.4,,95.9,99.9,99.4,92.1,93.6,94.5,97.3,99.6,94.5,95.9,94.7,79.6,99.0,97.5,,,,,,,,,,,,,,
Natural Gas (CNG),,0.063,0,0.1,0.1,n/a,0.2,0.0,7.5,,3.4,0.5,,1.3,3.9,1.3,n/a,,4.7,0.2,,2.6,,0.0,6.6,5.2,0.8,2.6,0.1,2.5,4.0,4.3,20.1,0.0,,,,,,,,,,,,,,,
Electricity,,,0,0.0,0.0,n/a,0.0,0.0,0.0,0.0,0.0,0.0,0.0,0.0,,0.0,n/a,0.0,0.0,0.0,,0.0,0.0,0.0,0.0,0.0,0.0,0.0,0.0,0.5,0.0,0.0,0.0,0.0,0.0,,,,,,,,,,,,,,
average gCO2e/km,,,,433.6,433.6,n/a,433.8,433.4,449.5,432.9,440.7,434.4,433.4,435.7,441.8,436.2,n/a,433.4,443.6,434.2,,438.9,433.4,433.4,447.6,445.0,435.8,439.0,433.6,427.5,442.0,442.7,476.7,433.4,433.4,,,,,,,,,,,,,,
,,,year of data origin:,,,,,,,,,,,,,,,,,,,,,,,,,,,,,,,,,,,,,,,,,,,,,,
,,,sources:,,,,,,,,,,,,,,,,,,,,,,,,,,,,,,,,,,,,,,,,,,,,,,
,,,,,,,,,,,,,,,,,,,,,,,,,,,,,,,,,,,,,,,,,,,,,,,,,
,,,year of data origin:,,,,,,,,,,,,,,,,,,,,,,,,,,,,,,,,,,,,,,,,,,,,,,
,,,,,,,,,,,,,,,,,,,,,,,,,,,,,,,,,,,,,,,,,,,,,,,,,
,,,year of data origin:,,,,,,,,,,,,,,,,,,,,,,,,,,,,,,,,,,,,,,,,,,,,,,
,,,,,,,,,,,,,,,,,,,,,,,,,,,,,,,,,,,,,,,,,,,,,,,,,
,,,,,,,,,,,,,,,,,,,,,,,,,,,,,,,,,,,,,,,,,,,,,,,,,
,,,,,,,,,,,,,,,,,,,,,,,,,,,,,,,,,,,,,,,,,,,,,,,,,
,,,,,,,,,,,,,,,,,,,,,,,,,,,,,,,,,,,,,,,,,,,,,,,,,
,,,,,,,,,,,,,,,,,,,,,,,,,,,,,,,,,,,,,,,,,,,,,,,,,
,,,HGV engine type shares 2019,Austria,Belgium,Bulgaria,Croatia,Cyprus,Czechia,Denmark,Estonia,Finland,France,Germany (until 1990 former territory of the FRG),,Hungary,,Ireland,Italy,Latvia,Liechtenstein,Lithuania,Luxembourg,Malta,Netherlands,Norway,Poland,Portugal,Romania,Slovakia,Slovenia,Spain,Sweden,Switzerland,United Kingdom,,,,,,,,,,,,,,
,,,Petroleum products,2.5,,,1.7,2.5,,10.3,7.7,2.8,0.8,,,1.9,,0.0,2.7,1.6,10.5,,3.5,1.6,1.6,2.5,11.1,0.6,7.0,,,5.2,4.0,15.2,1.6,,,,,,,,,,,,,,
,,,Liquefied petroleum gases (LPG),0.0,,,,0.0,,,0.0,0.0,0.0,,,0.0,,,0.7,0.4,0.0,,0.3,0.0,1.0,0.0,3.1,0.0,0.0,,,0.1,0.0,0.0,,,,,,,,,,,,,,,
,,,Diesel,47.1,,,48.1,47.5,,89.7,42.2,47.2,48.7,,,47.9,,49.9,45.9,47.7,39.2,,95.5,48.3,47.1,46.7,34.3,49.4,42.9,,,44.6,45.2,83.3,48.2,,,,,,,,,,,,,,
,,,Natural Gas,,,,,,,,,,,,,,,,,,,,,,,,,0.0,,,,,,,,,,,,,,,,,,,,,
,,,Electricity,0.3,,,0.0,0.0,,,0.0,0.0,0.3,,,0.1,,0.1,0.1,0.0,0.2,,0.6,0.1,0.2,0.7,0.0,0.0,0.0,,,0.1,0.3,0.4,0.1,,,,,,,,,,,,,,
,,,Alternative Energy,0.5,,,0.5,0.0,,,0.2,0.1,0.5,,,0.2,,0.1,2.1,1.0,0.5,,,0.1,1.4,0.8,6.0,0.1,0.0,,,0.2,1.3,1.1,0.2,,,,,,,,,,,,,,
,,,Petrol (excluding hybrids)  ,2.5,,,1.7,2.5,,,7.7,2.7,0.8,,,1.9,,0.0,2.7,1.6,10.4,,,1.6,1.6,2.5,11.1,0.6,7.0,,,5.1,4.0,0.0,1.6,,,,,,,,,,,,,,
,,,Hybrid electric-petrol and plug-in hybrid petrol-electric  ,,,,,,,,,,,,,,,,,,,,,,,,,,,,,,,,,,,,,,,,,,,,,,
,,,Hybrid electric-petrol,0.0,,,,0.0,,,0.0,0.0,0.0,,,0.0,,,,0.0,0.0,,,0.0,0.0,0.0,0.0,0.0,0.0,,,0.0,0.0,0.0,0.0,,,,,,,,,,,,,,
,,,Diesel (excluding hybrids)  ,47.1,,,48.1,47.5,,,42.2,47.2,48.7,,,47.9,,49.9,45.9,47.7,39.2,,,48.3,47.1,46.7,34.3,49.4,42.9,,,44.6,45.2,0.0,48.2,,,,,,,,,,,,,,
,,,Hybrid electric-diesel and plug-in hybrid diesel-electric  ,0.0,,,,,,,,,,,,,,,,,,,,,,,,,,,,,,,0.0,,,,,,,,,,,,,,
,,,Hybrid diesel-electric,0.0,,,,0.0,,,0.0,0.0,0.0,,,0.0,,,,0.0,0.0,,,0.0,0.0,0.0,0.0,0.0,0.0,,,0.0,0.0,0.0,0.0,,,,,,,,,,,,,,
,,,Bioethanol,,,,,0.0,,,,0.0,0.0,,,0.0,,,,0.0,0.0,,,0.0,0.0,0.0,0.0,0.0,,,,0.0,0.0,0.0,,,,,,,,,,,,,,,
,,,Biodiesel,,,,,0.0,,,,,,,,0.0,,,,0.0,0.0,,,0.0,0.0,0.0,0.0,0.0,,,,0.0,0.0,0.0,,,,,,,,,,,,,,,
,,,Compressed natural gas (CNG)  ,0.1,,,,,,,,,,,,,,,,,,,,,,,,,,,,,,,0.1,,,,,,,,,,,,,,
,,,,,,,,,,,,,,,,,,,,,,,,,,,,,,,,,,,,,,,,,,,,,,,,,
,,,,,,,,,,,,,,,,,,,,,,,,,,,,,,,,,,,,,,,,,,,,,,,,,
